/*
Navicat MySQL Data Transfer

Source Server         : jkservice
Source Server Version : 50617
Source Host           : localhost:3306
Source Database       : jkservice

Target Server Type    : MYSQL
Target Server Version : 50617
File Encoding         : 65001

Date: 2015-04-25 19:49:27
*/

SET FOREIGN_KEY_CHECKS=0;

-- ----------------------------
-- Table structure for acceptions
-- ----------------------------
DROP TABLE IF EXISTS `acceptions`;
CREATE TABLE `acceptions` (
  `id` int(10) unsigned NOT NULL AUTO_INCREMENT,
  `task_id` int(11) NOT NULL,
  `acceptor` varchar(10) COLLATE utf8_unicode_ci NOT NULL,
  `department_id` int(11) NOT NULL,
  `class_id` int(11) NOT NULL,
  `accept_time` datetime NOT NULL,
  `finish_time` datetime NOT NULL,
  `status` char(1) COLLATE utf8_unicode_ci NOT NULL DEFAULT '0',
  `created_at` timestamp NOT NULL DEFAULT '0000-00-00 00:00:00',
  `updated_at` timestamp NOT NULL DEFAULT '0000-00-00 00:00:00',
  `deleted_at` timestamp NULL DEFAULT NULL,
  PRIMARY KEY (`id`)
) ENGINE=InnoDB DEFAULT CHARSET=utf8 COLLATE=utf8_unicode_ci;

-- ----------------------------
-- Records of acceptions
-- ----------------------------

-- ----------------------------
-- Table structure for classes
-- ----------------------------
DROP TABLE IF EXISTS `classes`;
CREATE TABLE `classes` (
  `id` int(10) unsigned NOT NULL AUTO_INCREMENT,
  `department_id` int(11) NOT NULL DEFAULT '0' COMMENT '学院id',
  `class_name` varchar(30) COLLATE utf8_unicode_ci NOT NULL COMMENT '班级名称',
  `created_at` timestamp NOT NULL DEFAULT '0000-00-00 00:00:00',
  `updated_at` timestamp NOT NULL DEFAULT '0000-00-00 00:00:00',
  `deleted_at` timestamp NULL DEFAULT NULL,
  PRIMARY KEY (`id`)
) ENGINE=InnoDB AUTO_INCREMENT=50 DEFAULT CHARSET=utf8 COLLATE=utf8_unicode_ci;

-- ----------------------------
-- Records of classes
-- ----------------------------
INSERT INTO `classes` VALUES ('1', '1', '13软件工程（1）', '2015-04-25 07:19:57', '2015-04-25 07:19:57', null);
INSERT INTO `classes` VALUES ('2', '1', '13软件工程（2）', '2015-04-25 07:19:57', '2015-04-25 07:19:57', null);
INSERT INTO `classes` VALUES ('3', '1', '13软件工程（3）', '2015-04-25 07:19:57', '2015-04-25 07:19:57', null);
INSERT INTO `classes` VALUES ('4', '1', '13软件工程（4）', '2015-04-25 07:19:57', '2015-04-25 07:19:57', null);
INSERT INTO `classes` VALUES ('5', '1', '13软件工程（NIIT）', '2015-04-25 07:19:57', '2015-04-25 07:19:57', null);
INSERT INTO `classes` VALUES ('6', '1', 'M13软件工程', '2015-04-25 07:19:57', '2015-04-25 07:19:57', null);
INSERT INTO `classes` VALUES ('7', '2', '13国际经济与贸易（1）', '2015-04-25 07:19:57', '2015-04-25 07:19:57', null);
INSERT INTO `classes` VALUES ('8', '2', '13国际经济与贸易（2）', '2015-04-25 07:19:57', '2015-04-25 07:19:57', null);
INSERT INTO `classes` VALUES ('9', '2', '13国际经济与贸易（3）', '2015-04-25 07:19:57', '2015-04-25 07:19:57', null);
INSERT INTO `classes` VALUES ('10', '2', '13会计学（1）', '2015-04-25 07:19:57', '2015-04-25 07:19:57', null);
INSERT INTO `classes` VALUES ('11', '2', '13会计学（2）', '2015-04-25 07:19:57', '2015-04-25 07:19:57', null);
INSERT INTO `classes` VALUES ('12', '2', '13会计学（3）', '2015-04-25 07:19:57', '2015-04-25 07:19:57', null);
INSERT INTO `classes` VALUES ('13', '2', '13会计学（4）', '2015-04-25 07:19:58', '2015-04-25 07:19:58', null);
INSERT INTO `classes` VALUES ('14', '2', '13会计学（5）', '2015-04-25 07:19:58', '2015-04-25 07:19:58', null);
INSERT INTO `classes` VALUES ('15', '2', '13金融学（1）', '2015-04-25 07:19:58', '2015-04-25 07:19:58', null);
INSERT INTO `classes` VALUES ('16', '2', '13金融学（2）', '2015-04-25 07:19:58', '2015-04-25 07:19:58', null);
INSERT INTO `classes` VALUES ('17', '2', '13市场营销（1）', '2015-04-25 07:19:58', '2015-04-25 07:19:58', null);
INSERT INTO `classes` VALUES ('18', '2', '13市场营销（2）', '2015-04-25 07:19:58', '2015-04-25 07:19:58', null);
INSERT INTO `classes` VALUES ('19', '2', '13市场营销（3）', '2015-04-25 07:19:58', '2015-04-25 07:19:58', null);
INSERT INTO `classes` VALUES ('20', '2', '13财务管理（1）', '2015-04-25 07:19:58', '2015-04-25 07:19:58', null);
INSERT INTO `classes` VALUES ('21', '2', '13财务管理（2）', '2015-04-25 07:19:58', '2015-04-25 07:19:58', null);
INSERT INTO `classes` VALUES ('22', '2', '13财务管理（单）', '2015-04-25 07:19:58', '2015-04-25 07:19:58', null);
INSERT INTO `classes` VALUES ('23', '2', '13物流管理（1）', '2015-04-25 07:19:58', '2015-04-25 07:19:58', null);
INSERT INTO `classes` VALUES ('24', '2', '13物流管理（2）', '2015-04-25 07:19:58', '2015-04-25 07:19:58', null);
INSERT INTO `classes` VALUES ('25', '2', '13会计学（W专转本）', '2015-04-25 07:19:58', '2015-04-25 07:19:58', null);
INSERT INTO `classes` VALUES ('26', '2', 'M13会计学', '2015-04-25 07:19:58', '2015-04-25 07:19:58', null);
INSERT INTO `classes` VALUES ('27', '2', 'M13会计学（W专转本）', '2015-04-25 07:19:58', '2015-04-25 07:19:58', null);
INSERT INTO `classes` VALUES ('28', '2', 'M13金融学', '2015-04-25 07:19:58', '2015-04-25 07:19:58', null);
INSERT INTO `classes` VALUES ('29', '2', 'M13金融学（W专转本）', '2015-04-25 07:19:58', '2015-04-25 07:19:58', null);
INSERT INTO `classes` VALUES ('30', '2', 'M13财务管理（专转本）', '2015-04-25 07:19:58', '2015-04-25 07:19:58', null);
INSERT INTO `classes` VALUES ('31', '3', '13旅游管理（1）', '2015-04-25 07:19:58', '2015-04-25 07:19:58', null);
INSERT INTO `classes` VALUES ('32', '3', '13旅游管理（2）', '2015-04-25 07:19:58', '2015-04-25 07:19:58', null);
INSERT INTO `classes` VALUES ('33', '3', '13旅游管理（单）', '2015-04-25 07:19:58', '2015-04-25 07:19:58', null);
INSERT INTO `classes` VALUES ('34', '4', '13服装设计与工程', '2015-04-25 07:19:58', '2015-04-25 07:19:58', null);
INSERT INTO `classes` VALUES ('35', '5', '13电气工程及其自动化（1）', '2015-04-25 07:19:58', '2015-04-25 07:19:58', null);
INSERT INTO `classes` VALUES ('36', '5', '13电气工程及其自动化（2）', '2015-04-25 07:19:58', '2015-04-25 07:19:58', null);
INSERT INTO `classes` VALUES ('37', '5', '13电气工程及其自动化（单）', '2015-04-25 07:19:58', '2015-04-25 07:19:58', null);
INSERT INTO `classes` VALUES ('38', '6', '暂无', '2015-04-25 07:19:58', '2015-04-25 07:19:58', null);
INSERT INTO `classes` VALUES ('39', '7', '暂无', '2015-04-25 07:19:58', '2015-04-25 07:19:58', null);
INSERT INTO `classes` VALUES ('40', '8', '暂无', '2015-04-25 07:19:58', '2015-04-25 07:19:58', null);
INSERT INTO `classes` VALUES ('41', '9', '暂无', '2015-04-25 07:19:58', '2015-04-25 07:19:58', null);
INSERT INTO `classes` VALUES ('42', '10', '暂无', '2015-04-25 07:19:58', '2015-04-25 07:19:58', null);
INSERT INTO `classes` VALUES ('43', '11', '暂无', '2015-04-25 07:19:59', '2015-04-25 07:19:59', null);
INSERT INTO `classes` VALUES ('44', '12', '暂无', '2015-04-25 07:19:59', '2015-04-25 07:19:59', null);
INSERT INTO `classes` VALUES ('45', '13', '暂无', '2015-04-25 07:19:59', '2015-04-25 07:19:59', null);
INSERT INTO `classes` VALUES ('46', '14', '暂无', '2015-04-25 07:19:59', '2015-04-25 07:19:59', null);
INSERT INTO `classes` VALUES ('47', '15', '暂无', '2015-04-25 07:19:59', '2015-04-25 07:19:59', null);
INSERT INTO `classes` VALUES ('48', '16', '暂无', '2015-04-25 07:19:59', '2015-04-25 07:19:59', null);
INSERT INTO `classes` VALUES ('49', '17', '暂无', '2015-04-25 07:19:59', '2015-04-25 07:19:59', null);

-- ----------------------------
-- Table structure for departments
-- ----------------------------
DROP TABLE IF EXISTS `departments`;
CREATE TABLE `departments` (
  `id` int(10) unsigned NOT NULL AUTO_INCREMENT,
  `university_id` int(11) NOT NULL DEFAULT '0' COMMENT '学校id',
  `department_name` varchar(30) COLLATE utf8_unicode_ci NOT NULL COMMENT '学院名称',
  `created_at` timestamp NOT NULL DEFAULT '0000-00-00 00:00:00',
  `updated_at` timestamp NOT NULL DEFAULT '0000-00-00 00:00:00',
  `deleted_at` timestamp NULL DEFAULT NULL,
  PRIMARY KEY (`id`)
) ENGINE=InnoDB AUTO_INCREMENT=18 DEFAULT CHARSET=utf8 COLLATE=utf8_unicode_ci;

-- ----------------------------
-- Records of departments
-- ----------------------------
INSERT INTO `departments` VALUES ('1', '1', '软件工程学院', '2015-04-25 07:19:56', '2015-04-25 07:19:56', null);
INSERT INTO `departments` VALUES ('2', '1', '商学院', '2015-04-25 07:19:56', '2015-04-25 07:19:56', null);
INSERT INTO `departments` VALUES ('3', '1', '人文学院', '2015-04-25 07:19:56', '2015-04-25 07:19:56', null);
INSERT INTO `departments` VALUES ('4', '1', '艺术学院', '2015-04-25 07:19:56', '2015-04-25 07:19:56', null);
INSERT INTO `departments` VALUES ('5', '1', '机电工程学院', '2015-04-25 07:19:57', '2015-04-25 07:19:57', null);
INSERT INTO `departments` VALUES ('6', '1', '信息技术学院', '2015-04-25 07:19:57', '2015-04-25 07:19:57', null);
INSERT INTO `departments` VALUES ('7', '1', '建筑工程学院', '2015-04-25 07:19:57', '2015-04-25 07:19:57', null);
INSERT INTO `departments` VALUES ('8', '1', '材料工程学院', '2015-04-25 07:19:57', '2015-04-25 07:19:57', null);
INSERT INTO `departments` VALUES ('9', '1', '园艺学院', '2015-04-25 07:19:57', '2015-04-25 07:19:57', null);
INSERT INTO `departments` VALUES ('10', '1', '动物科学与技术学院', '2015-04-25 07:19:57', '2015-04-25 07:19:57', null);
INSERT INTO `departments` VALUES ('11', '1', '外国语学院', '2015-04-25 07:19:57', '2015-04-25 07:19:57', null);
INSERT INTO `departments` VALUES ('12', '1', '计算机工程学院', '2015-04-25 07:19:57', '2015-04-25 07:19:57', null);
INSERT INTO `departments` VALUES ('13', '1', '动漫学院', '2015-04-25 07:19:57', '2015-04-25 07:19:57', null);
INSERT INTO `departments` VALUES ('14', '1', '电子信息工程学院（筹）', '2015-04-25 07:19:57', '2015-04-25 07:19:57', null);
INSERT INTO `departments` VALUES ('15', '1', '网络与通信工程学院（筹）', '2015-04-25 07:19:57', '2015-04-25 07:19:57', null);
INSERT INTO `departments` VALUES ('16', '1', '智能科学与控制工程学院（筹）', '2015-04-25 07:19:57', '2015-04-25 07:19:57', null);
INSERT INTO `departments` VALUES ('17', '1', '国际教育学院', '2015-04-25 07:19:57', '2015-04-25 07:19:57', null);

-- ----------------------------
-- Table structure for migrations
-- ----------------------------
DROP TABLE IF EXISTS `migrations`;
CREATE TABLE `migrations` (
  `migration` varchar(255) COLLATE utf8_unicode_ci NOT NULL,
  `batch` int(11) NOT NULL
) ENGINE=InnoDB DEFAULT CHARSET=utf8 COLLATE=utf8_unicode_ci;

-- ----------------------------
-- Records of migrations
-- ----------------------------
INSERT INTO `migrations` VALUES ('2015_04_23_013534_create_users_table', '1');
INSERT INTO `migrations` VALUES ('2015_04_23_025639_create_students_table', '1');
INSERT INTO `migrations` VALUES ('2015_04_23_025654_create_teachers_table', '1');
INSERT INTO `migrations` VALUES ('2015_04_23_025819_create_tasks_table', '1');
INSERT INTO `migrations` VALUES ('2015_04_23_025837_create_acceptions_table', '1');
INSERT INTO `migrations` VALUES ('2015_04_23_025844_create_classes_table', '1');
INSERT INTO `migrations` VALUES ('2015_04_23_025909_create_departments_table', '1');
INSERT INTO `migrations` VALUES ('2015_04_23_025928_create_universities_table', '1');
INSERT INTO `migrations` VALUES ('2015_04_23_204939_create_roles_table', '1');

-- ----------------------------
-- Table structure for roles
-- ----------------------------
DROP TABLE IF EXISTS `roles`;
CREATE TABLE `roles` (
  `id` int(10) unsigned NOT NULL AUTO_INCREMENT,
  `user_id` int(10) unsigned NOT NULL COMMENT '用户id',
  `role` enum('STUDENT','TEACHER') COLLATE utf8_unicode_ci NOT NULL,
  `role_zh` enum('团支书','班长','副班长','学习委员','文艺委员','体育委员','组织委员','宣传委员','社长','副社长','辅导员','班主任','院长','副院长','社团指导老师') COLLATE utf8_unicode_ci NOT NULL COMMENT '角色',
  `created_at` timestamp NOT NULL DEFAULT '0000-00-00 00:00:00',
  `updated_at` timestamp NOT NULL DEFAULT '0000-00-00 00:00:00',
  `deleted_at` timestamp NULL DEFAULT NULL,
  PRIMARY KEY (`id`)
) ENGINE=InnoDB AUTO_INCREMENT=8 DEFAULT CHARSET=utf8 COLLATE=utf8_unicode_ci;

-- ----------------------------
-- Records of roles
-- ----------------------------
INSERT INTO `roles` VALUES ('1', '1', 'STUDENT', '', '2015-04-25 07:19:59', '2015-04-25 07:19:59', null);
INSERT INTO `roles` VALUES ('2', '1', 'STUDENT', '', '2015-04-25 07:19:59', '2015-04-25 07:19:59', null);
INSERT INTO `roles` VALUES ('3', '2', 'STUDENT', '', '2015-04-25 07:19:59', '2015-04-25 07:19:59', null);
INSERT INTO `roles` VALUES ('4', '3', 'STUDENT', '', '2015-04-25 07:19:59', '2015-04-25 07:19:59', null);
INSERT INTO `roles` VALUES ('5', '4', 'STUDENT', '', '2015-04-25 07:19:59', '2015-04-25 07:19:59', null);
INSERT INTO `roles` VALUES ('6', '3', 'STUDENT', '班主任', '2015-04-25 07:19:59', '2015-04-25 07:19:59', null);
INSERT INTO `roles` VALUES ('7', '4', 'STUDENT', '班主任', '2015-04-25 07:19:59', '2015-04-25 07:19:59', null);

-- ----------------------------
-- Table structure for students
-- ----------------------------
DROP TABLE IF EXISTS `students`;
CREATE TABLE `students` (
  `id` int(10) unsigned NOT NULL AUTO_INCREMENT,
  `user_id` int(10) unsigned NOT NULL COMMENT '用户id',
  `class_id` int(11) DEFAULT NULL COMMENT '班级id',
  `department_id` int(11) DEFAULT NULL COMMENT '学院id',
  `created_at` timestamp NOT NULL DEFAULT '0000-00-00 00:00:00',
  `updated_at` timestamp NOT NULL DEFAULT '0000-00-00 00:00:00',
  `deleted_at` timestamp NULL DEFAULT NULL,
  PRIMARY KEY (`id`)
) ENGINE=InnoDB DEFAULT CHARSET=utf8 COLLATE=utf8_unicode_ci;

-- ----------------------------
-- Records of students
-- ----------------------------

-- ----------------------------
-- Table structure for tasks
-- ----------------------------
DROP TABLE IF EXISTS `tasks`;
CREATE TABLE `tasks` (
  `id` int(10) NOT NULL,
  `publisher` varchar(10) COLLATE utf8_unicode_ci NOT NULL COMMENT '发布人',
  `publisher_id` varchar(10) COLLATE utf8_unicode_ci NOT NULL COMMENT '发布人id',
  `publish_time` datetime NOT NULL COMMENT '发布人时间',
  `theme` varchar(30) COLLATE utf8_unicode_ci NOT NULL COMMENT '主题',
  `location` varchar(30) COLLATE utf8_unicode_ci NOT NULL COMMENT '地点',
  `start_time` datetime NOT NULL COMMENT '开工时间',
  `need_amount` tinyint(3) unsigned NOT NULL COMMENT '需要人数',
  `accepted_amount` tinyint(3) unsigned NOT NULL COMMENT '已接人数',
  `add_hour` decimal(2,1) unsigned NOT NULL COMMENT '可加时间',
  `content` varchar(100) COLLATE utf8_unicode_ci NOT NULL COMMENT '任务内容',
  `status` enum('PUBLISHED','ACCEPTED','FULL','DONE','OVERTIME') COLLATE utf8_unicode_ci NOT NULL DEFAULT 'PUBLISHED' COMMENT '任务状态',
  `created_at` timestamp NOT NULL DEFAULT '0000-00-00 00:00:00',
  `updated_at` timestamp NOT NULL DEFAULT '0000-00-00 00:00:00',
  `deleted_at` timestamp NULL DEFAULT NULL
) ENGINE=InnoDB DEFAULT CHARSET=utf8 COLLATE=utf8_unicode_ci;

-- ----------------------------
-- Records of tasks
-- ----------------------------
INSERT INTO `tasks` VALUES ('1', '', '03506', '2014-12-11 20:12:36', '打扫实验室', 'a201', '2014-12-12 20:17:00', '3', '1', '2.0', '打扫', 'DONE', '0000-00-00 00:00:00', '0000-00-00 00:00:00', null);
INSERT INTO `tasks` VALUES ('2', '', '03506', '2014-12-11 20:21:06', '打扫实验室', 'a205', '2015-07-11 18:00:00', '2', '2', '3.0', '打扫', 'DONE', '0000-00-00 00:00:00', '0000-00-00 00:00:00', null);
INSERT INTO `tasks` VALUES ('5', '', '00156', '2014-12-12 15:50:11', 'wqf', 'dsf', '2014-12-10 15:51:00', '12', '3', '9.9', 'wefw', 'DONE', '0000-00-00 00:00:00', '0000-00-00 00:00:00', null);
INSERT INTO `tasks` VALUES ('6', '', '00156', '2014-12-12 15:51:53', 'zfz', 'sdf', '2014-12-09 15:52:00', '12', '3', '9.9', 'sgf', 'DONE', '0000-00-00 00:00:00', '0000-00-00 00:00:00', null);
INSERT INTO `tasks` VALUES ('7', '', '00156', '2014-12-12 15:53:23', 'wa', 'sdf', '2014-12-15 15:54:00', '11', '11', '2.0', 'weff', 'DONE', '0000-00-00 00:00:00', '0000-00-00 00:00:00', null);
INSERT INTO `tasks` VALUES ('10', '', '03586', '2014-12-12 22:55:50', 'huiojnihdg', '1234', '2014-12-01 22:56:00', '4', '1', '2.0', 'nidongda', 'DONE', '0000-00-00 00:00:00', '0000-00-00 00:00:00', null);
INSERT INTO `tasks` VALUES ('11', '', '03586', '2014-12-12 23:29:34', 'eeeeeeeeeee', '6789', '2014-12-09 23:30:00', '1', '1', '3.9', 'dddddddddddddddddd', 'DONE', '0000-00-00 00:00:00', '0000-00-00 00:00:00', null);
INSERT INTO `tasks` VALUES ('12', '', '03586', '2014-12-12 23:51:06', '22222222', 'baidu', '2014-12-09 23:52:00', '3', '3', '4.0', '等等等等等等等等等等等等ddd', 'DONE', '0000-00-00 00:00:00', '0000-00-00 00:00:00', null);
INSERT INTO `tasks` VALUES ('13', '', '00180', '2014-12-14 13:06:28', '打扫', '工科楼A205', '2014-12-14 15:00:00', '4', '1', '4.0', '打扫卫生', 'DONE', '0000-00-00 00:00:00', '0000-00-00 00:00:00', null);
INSERT INTO `tasks` VALUES ('14', '', '01188', '2014-12-15 08:55:48', '北区食堂323打扫卫生', '北区食堂323', '2014-12-16 12:30:00', '2', '1', '2.0', '打扫卫生', 'DONE', '0000-00-00 00:00:00', '0000-00-00 00:00:00', null);
INSERT INTO `tasks` VALUES ('15', '', '03808', '2014-12-15 18:50:50', '大扫除', '食堂三楼办公室', '2014-12-16 12:50:00', '3', '2', '4.0', '认真打扫干净即可', 'DONE', '0000-00-00 00:00:00', '0000-00-00 00:00:00', null);
INSERT INTO `tasks` VALUES ('16', '', '03808', '2014-12-15 19:15:32', '打扫', '北区看台', '2014-11-13 13:00:00', '4', '1', '2.8', '主要去锻炼身体', 'DONE', '0000-00-00 00:00:00', '0000-00-00 00:00:00', null);
INSERT INTO `tasks` VALUES ('18', '', '03808', '2014-12-15 19:38:37', '4班第一组任务', '各自宿舍', '2014-12-15 20:00:00', '5', '2', '1.7', '登录之后看到了就接受任务！', 'DONE', '0000-00-00 00:00:00', '0000-00-00 00:00:00', null);
INSERT INTO `tasks` VALUES ('19', '', '03808', '2014-12-15 20:04:36', 'aaaa', 'aaaaa', '2014-12-17 21:00:00', '4', '1', '1.0', 'aaaa', 'DONE', '0000-00-00 00:00:00', '0000-00-00 00:00:00', null);
INSERT INTO `tasks` VALUES ('20', '', '03808', '2014-12-15 20:08:04', 'bbbb', 'bbbb', '2014-12-13 20:00:00', '4', '4', '2.0', 'bbbbb', 'DONE', '0000-00-00 00:00:00', '0000-00-00 00:00:00', null);
INSERT INTO `tasks` VALUES ('25', '', '00180', '2014-12-16 17:46:04', '   训练啦啦操', '北区操场', '2014-12-18 14:00:00', '2', '1', '2.0', '啦啦操教学', 'DONE', '0000-00-00 00:00:00', '0000-00-00 00:00:00', null);
INSERT INTO `tasks` VALUES ('26', '', '04623', '2014-12-16 17:47:26', '任务一', '地点一', '2014-12-16 18:00:00', '2', '1', '1.0', '测试内容', 'DONE', '0000-00-00 00:00:00', '0000-00-00 00:00:00', null);
INSERT INTO `tasks` VALUES ('27', '', '04623', '2014-12-16 17:57:25', '测试', '503', '2014-12-16 18:00:00', '2', '1', '3.0', '测试', 'DONE', '0000-00-00 00:00:00', '0000-00-00 00:00:00', null);
INSERT INTO `tasks` VALUES ('28', '', '03808', '2014-12-16 18:01:59', '测试-打扫', '北区', '2014-12-16 18:03:00', '1', '1', '1.0', '打扫卫生，本主题为测试内容。', 'DONE', '0000-00-00 00:00:00', '0000-00-00 00:00:00', null);
INSERT INTO `tasks` VALUES ('29', '', '03808', '2014-12-16 18:02:57', '测试-打扫', '北区', '2014-12-16 18:05:00', '1', '1', '1.0', '测试内容', 'DONE', '0000-00-00 00:00:00', '0000-00-00 00:00:00', null);
INSERT INTO `tasks` VALUES ('30', '', '03808', '2014-12-16 18:03:18', '测试', '北区', '2014-12-16 18:06:00', '1', '1', '1.0', '测试内容', 'DONE', '0000-00-00 00:00:00', '0000-00-00 00:00:00', null);
INSERT INTO `tasks` VALUES ('31', '', '03808', '2014-12-16 18:04:07', '测试', '北区', '2014-12-16 18:07:00', '1', '1', '1.0', '测试内容', 'DONE', '0000-00-00 00:00:00', '0000-00-00 00:00:00', null);
INSERT INTO `tasks` VALUES ('32', '', '03808', '2014-12-16 18:04:24', '测试', '北区', '2014-12-16 18:07:00', '1', '0', '1.0', '测试内容', 'DONE', '0000-00-00 00:00:00', '0000-00-00 00:00:00', null);
INSERT INTO `tasks` VALUES ('33', '', '03808', '2014-12-16 18:05:19', '测试', '北区', '2014-12-16 18:08:00', '1', '1', '1.0', '测试内容', 'DONE', '0000-00-00 00:00:00', '0000-00-00 00:00:00', null);
INSERT INTO `tasks` VALUES ('35', '', '02919', '2014-12-16 18:06:23', '打扫', '工科楼', '2014-12-16 18:07:00', '2', '1', '2.0', '打扫机房', 'DONE', '0000-00-00 00:00:00', '0000-00-00 00:00:00', null);
INSERT INTO `tasks` VALUES ('36', '', '00180', '2014-12-16 18:07:41', '图书馆帮忙', '图书馆', '2014-12-19 16:00:00', '25', '1', '9.9', '图书馆帮忙', 'DONE', '0000-00-00 00:00:00', '0000-00-00 00:00:00', null);
INSERT INTO `tasks` VALUES ('37', '', '00180', '2014-12-16 18:12:00', 'TEST  001', 'B513', '2014-12-16 18:12:00', '8', '2', '2.0', 'JUST TEST ', 'DONE', '0000-00-00 00:00:00', '0000-00-00 00:00:00', null);
INSERT INTO `tasks` VALUES ('38', '', '00180', '2014-12-16 18:15:17', 'TSET 002', '校长办公室', '2014-12-16 18:15:00', '3', '3', '5.0', '校长室值班', 'DONE', '0000-00-00 00:00:00', '0000-00-00 00:00:00', null);
INSERT INTO `tasks` VALUES ('39', '', '00180', '2014-12-16 18:17:47', '修改测试', 'A205', '2014-12-16 18:18:00', '4', '3', '5.0', '无', 'DONE', '0000-00-00 00:00:00', '0000-00-00 00:00:00', null);
INSERT INTO `tasks` VALUES ('40', '', '00180', '2014-12-16 18:20:48', '修改测试02', 'A205', '2014-12-16 18:21:00', '4', '2', '1.0', '无', 'DONE', '0000-00-00 00:00:00', '0000-00-00 00:00:00', null);
INSERT INTO `tasks` VALUES ('42', '', '02919', '2014-12-16 18:24:24', '打扫', '分析测试用例', '2014-12-03 19:00:00', '2', '1', '2.0', '打扫', 'DONE', '0000-00-00 00:00:00', '0000-00-00 00:00:00', null);
INSERT INTO `tasks` VALUES ('43', '', '02919', '2014-12-16 18:24:54', '打扫', '工科楼', '2014-12-04 18:26:00', '2', '1', '2.0', '打扫', 'DONE', '0000-00-00 00:00:00', '0000-00-00 00:00:00', null);
INSERT INTO `tasks` VALUES ('44', '', '02919', '2014-12-16 18:26:58', '考试', '工科楼', '2014-12-16 19:00:00', '10', '1', '9.9', '.', 'DONE', '0000-00-00 00:00:00', '0000-00-00 00:00:00', null);
INSERT INTO `tasks` VALUES ('45', '', '00180', '2014-12-16 18:41:27', '图书馆帮忙', '图书馆', '2014-12-02 18:41:00', '2', '1', '9.9', '无', 'DONE', '0000-00-00 00:00:00', '0000-00-00 00:00:00', null);
INSERT INTO `tasks` VALUES ('46', '', '00180', '2014-12-16 18:45:17', '修改测试02', 'B513', '2014-12-25 18:46:00', '3', '2', '4.0', '无', 'DONE', '0000-00-00 00:00:00', '0000-00-00 00:00:00', null);
INSERT INTO `tasks` VALUES ('47', '', '00156', '2014-12-16 18:47:06', '测试打扫', '北区', '2014-12-16 18:47:00', '1', '1', '1.0', '打扫卫生，本主题为测试内容', 'DONE', '0000-00-00 00:00:00', '0000-00-00 00:00:00', null);
INSERT INTO `tasks` VALUES ('48', '', '00156', '2014-12-16 18:47:42', '测试打扫', '北区', '2014-12-16 18:48:00', '1', '1', '1.0', '打扫卫生，本主题为测试内容', 'DONE', '0000-00-00 00:00:00', '0000-00-00 00:00:00', null);
INSERT INTO `tasks` VALUES ('49', '', '00156', '2014-12-16 18:48:30', '测试打扫', '北区', '2014-12-16 18:49:00', '1', '1', '1.0', '打扫卫生，本主题为测试内容', 'DONE', '0000-00-00 00:00:00', '0000-00-00 00:00:00', null);
INSERT INTO `tasks` VALUES ('50', '', '00156', '2014-12-16 18:49:00', '测试打扫', '北区', '2014-12-16 18:49:00', '1', '1', '1.0', '打扫卫生，本主题为测试内容', 'DONE', '0000-00-00 00:00:00', '0000-00-00 00:00:00', null);
INSERT INTO `tasks` VALUES ('51', '', '00156', '2014-12-16 18:49:17', '测试打扫', '北区', '2014-12-16 18:50:00', '1', '1', '1.0', '打扫卫生，本主题为测试内容', 'DONE', '0000-00-00 00:00:00', '0000-00-00 00:00:00', null);
INSERT INTO `tasks` VALUES ('52', '', '00156', '2014-12-16 18:49:40', '测试打扫', '北区', '2014-12-16 18:50:00', '1', '1', '1.0', '打扫卫生，本主题为测试内容', 'DONE', '0000-00-00 00:00:00', '0000-00-00 00:00:00', null);
INSERT INTO `tasks` VALUES ('53', '', '00156', '2014-12-16 18:49:58', '测试打扫', '北区', '2014-12-16 18:50:00', '1', '1', '1.0', '打扫卫生，本主题为测试内容', 'DONE', '0000-00-00 00:00:00', '0000-00-00 00:00:00', null);
INSERT INTO `tasks` VALUES ('54', '', '00156', '2014-12-16 18:50:16', '测试打扫', '北区', '2014-12-16 18:51:00', '1', '1', '1.0', '打扫卫生，本主题为测试内容', 'DONE', '0000-00-00 00:00:00', '0000-00-00 00:00:00', null);
INSERT INTO `tasks` VALUES ('55', '', '00156', '2014-12-16 18:50:32', '测试打扫', '北区', '2014-12-16 18:51:00', '1', '1', '1.0', '打扫卫生，本主题为测试内容', 'DONE', '0000-00-00 00:00:00', '0000-00-00 00:00:00', null);
INSERT INTO `tasks` VALUES ('56', '', '00156', '2014-12-16 18:50:47', '测试打扫', '北区', '2014-12-16 18:51:00', '1', '1', '1.0', '打扫卫生，本主题为测试内容', 'DONE', '0000-00-00 00:00:00', '0000-00-00 00:00:00', null);
INSERT INTO `tasks` VALUES ('57', '', '00156', '2014-12-16 18:51:04', '测试打扫', '北区', '2014-12-16 18:52:00', '1', '1', '1.0', '打扫卫生，本主题为测试内容', 'DONE', '0000-00-00 00:00:00', '0000-00-00 00:00:00', null);
INSERT INTO `tasks` VALUES ('58', '', '00156', '2014-12-16 18:51:22', '测试打扫', '北区', '2014-12-16 18:52:00', '1', '1', '1.0', '打扫卫生，本主题为测试内容', 'DONE', '0000-00-00 00:00:00', '0000-00-00 00:00:00', null);
INSERT INTO `tasks` VALUES ('59', '', '00156', '2014-12-16 18:51:45', '测试打扫', '北区', '2014-12-16 18:52:00', '1', '1', '1.0', '打扫卫生，本主题为测试内容', 'DONE', '0000-00-00 00:00:00', '0000-00-00 00:00:00', null);
INSERT INTO `tasks` VALUES ('60', '', '03899', '2014-12-16 18:51:55', '测试-打扫', '北区', '2014-12-16 18:52:00', '1', '1', '1.0', '测试内容', 'DONE', '0000-00-00 00:00:00', '0000-00-00 00:00:00', null);
INSERT INTO `tasks` VALUES ('61', '', '00156', '2014-12-16 18:52:03', '测试打扫', '北区', '2014-12-16 18:52:00', '1', '1', '1.0', '打扫卫生，本主题为测试内容', 'DONE', '0000-00-00 00:00:00', '0000-00-00 00:00:00', null);
INSERT INTO `tasks` VALUES ('62', '', '03899', '2014-12-16 18:52:17', '测试-打扫', '北区', '2014-12-16 18:52:00', '2', '2', '2.0', '测试内容', 'DONE', '0000-00-00 00:00:00', '0000-00-00 00:00:00', null);
INSERT INTO `tasks` VALUES ('63', '', '00156', '2014-12-16 18:52:19', '测试打扫', '北区', '2014-12-16 18:53:00', '1', '1', '1.0', '打扫卫生，本主题为测试内容', 'DONE', '0000-00-00 00:00:00', '0000-00-00 00:00:00', null);
INSERT INTO `tasks` VALUES ('64', '', '00156', '2014-12-16 18:52:35', '测试打扫', '北区', '2014-12-16 18:53:00', '1', '1', '1.0', '打扫卫生，本主题为测试内容', 'DONE', '0000-00-00 00:00:00', '0000-00-00 00:00:00', null);
INSERT INTO `tasks` VALUES ('65', '', '00156', '2014-12-16 18:52:54', '测试打扫', '北区', '2014-12-16 18:53:00', '1', '1', '1.0', '打扫卫生，本主题为测试内容', 'DONE', '0000-00-00 00:00:00', '0000-00-00 00:00:00', null);
INSERT INTO `tasks` VALUES ('66', '', '03899', '2014-12-16 18:53:09', '测试-打扫', '北区', '2014-12-16 18:53:00', '3', '3', '3.0', '测试内容', 'DONE', '0000-00-00 00:00:00', '0000-00-00 00:00:00', null);
INSERT INTO `tasks` VALUES ('67', '', '00156', '2014-12-16 18:53:10', '测试打扫', '北区', '2014-12-16 18:54:00', '1', '1', '1.0', '打扫卫生，本主题为测试内容', 'DONE', '0000-00-00 00:00:00', '0000-00-00 00:00:00', null);
INSERT INTO `tasks` VALUES ('68', '', '00156', '2014-12-16 18:53:29', '测试打扫', '北区', '2014-12-16 18:54:00', '1', '1', '1.0', '打扫卫生，本主题为测试内容', 'DONE', '0000-00-00 00:00:00', '0000-00-00 00:00:00', null);
INSERT INTO `tasks` VALUES ('69', '', '03899', '2014-12-16 18:53:42', '测试-打扫', '北区', '2014-12-16 18:54:00', '4', '4', '4.0', '北区内容', 'DONE', '0000-00-00 00:00:00', '0000-00-00 00:00:00', null);
INSERT INTO `tasks` VALUES ('70', '', '00156', '2014-12-16 18:53:46', '测试打扫', '北区', '2014-12-16 18:54:00', '1', '1', '1.0', '打扫卫生，本主题为测试内容', 'DONE', '0000-00-00 00:00:00', '0000-00-00 00:00:00', null);
INSERT INTO `tasks` VALUES ('71', '', '03899', '2014-12-16 18:54:03', '测试-打扫', '北区', '2014-12-16 18:54:00', '5', '5', '5.0', '打扫', 'DONE', '0000-00-00 00:00:00', '0000-00-00 00:00:00', null);
INSERT INTO `tasks` VALUES ('72', '', '00156', '2014-12-16 18:54:07', '厕所打扫', '北区', '2014-12-16 18:55:00', '1', '1', '1.0', '打扫卫生，本主题为测试内容', 'DONE', '0000-00-00 00:00:00', '0000-00-00 00:00:00', null);
INSERT INTO `tasks` VALUES ('73', '', '00156', '2014-12-16 18:54:26', '测试打扫', '北区', '2014-12-16 18:55:00', '1', '1', '1.0', '打扫卫生，本主题为测试内容', 'DONE', '0000-00-00 00:00:00', '0000-00-00 00:00:00', null);
INSERT INTO `tasks` VALUES ('74', '', '03899', '2014-12-16 18:54:35', '测试-打扫', '北区', '2014-12-16 18:54:00', '6', '6', '6.0', '测试内容', 'DONE', '0000-00-00 00:00:00', '0000-00-00 00:00:00', null);
INSERT INTO `tasks` VALUES ('75', '', '00156', '2014-12-16 18:54:41', '测试打扫', '北区', '2014-12-16 18:55:00', '1', '1', '1.0', '打扫卫生，本主题为测试内容', 'DONE', '0000-00-00 00:00:00', '0000-00-00 00:00:00', null);
INSERT INTO `tasks` VALUES ('76', '', '03899', '2014-12-16 18:54:55', '测试-打扫', '北区', '2014-12-16 18:55:00', '7', '9', '7.0', '测试', 'DONE', '0000-00-00 00:00:00', '0000-00-00 00:00:00', null);
INSERT INTO `tasks` VALUES ('77', '', '00156', '2014-12-16 18:55:02', '测试打扫', '北区', '2014-12-16 18:55:00', '1', '1', '1.0', '打扫卫生，本主题为测试内容', 'DONE', '0000-00-00 00:00:00', '0000-00-00 00:00:00', null);
INSERT INTO `tasks` VALUES ('78', '', '03899', '2014-12-16 18:55:12', '测试-打扫', '北区', '2014-12-16 18:55:00', '9', '5', '9.0', '测试', 'DONE', '0000-00-00 00:00:00', '0000-00-00 00:00:00', null);
INSERT INTO `tasks` VALUES ('79', '', '00156', '2014-12-16 18:55:25', '测试打扫', '北区', '2014-12-16 18:56:00', '1', '1', '1.0', '打扫卫生，本主题为测试内容', 'DONE', '0000-00-00 00:00:00', '0000-00-00 00:00:00', null);
INSERT INTO `tasks` VALUES ('80', '', '03899', '2014-12-16 18:55:29', '测试-打扫', '北区', '2014-12-16 18:55:00', '8', '5', '8.0', '测试', 'DONE', '0000-00-00 00:00:00', '0000-00-00 00:00:00', null);
INSERT INTO `tasks` VALUES ('81', '', '00156', '2014-12-16 18:55:41', '测试打扫', '北区', '2014-12-16 18:56:00', '1', '1', '1.0', '打扫卫生，本主题为测试内容', 'DONE', '0000-00-00 00:00:00', '0000-00-00 00:00:00', null);
INSERT INTO `tasks` VALUES ('82', '', '03899', '2014-12-16 18:55:50', '测试-打扫', '北区', '2014-12-16 18:56:00', '10', '2', '9.9', '测试内容', 'DONE', '0000-00-00 00:00:00', '0000-00-00 00:00:00', null);
INSERT INTO `tasks` VALUES ('83', '', '03808', '2014-12-16 18:59:50', '机房打扫', '机房', '2014-12-16 19:00:00', '2', '2', '2.0', '机房打扫', 'DONE', '0000-00-00 00:00:00', '0000-00-00 00:00:00', null);
INSERT INTO `tasks` VALUES ('84', '', '03921', '2014-12-16 19:00:54', '测试打扫', '北区', '2014-12-16 19:01:00', '1', '1', '1.0', '打扫卫生，本主题为测试内容', 'DONE', '0000-00-00 00:00:00', '0000-00-00 00:00:00', null);
INSERT INTO `tasks` VALUES ('85', '', '03899', '2014-12-16 19:01:07', '测试-打扫', '北区', '2014-12-16 19:01:00', '11', '3', '9.9', '测试', 'DONE', '0000-00-00 00:00:00', '0000-00-00 00:00:00', null);
INSERT INTO `tasks` VALUES ('86', '', '03921', '2014-12-16 19:01:12', '测试打扫', '北区', '2014-12-16 19:02:00', '1', '1', '1.0', '打扫卫生，本主题为测试内容', 'DONE', '0000-00-00 00:00:00', '0000-00-00 00:00:00', null);
INSERT INTO `tasks` VALUES ('87', '', '03899', '2014-12-16 19:01:25', '测试-打扫', '北区', '2014-12-16 19:01:00', '12', '3', '9.9', '测试', 'DONE', '0000-00-00 00:00:00', '0000-00-00 00:00:00', null);
INSERT INTO `tasks` VALUES ('88', '', '03921', '2014-12-16 19:01:25', '测试打扫', '北区', '2014-12-16 19:02:00', '1', '1', '1.0', '打扫卫生，本主题为测试内容', 'DONE', '0000-00-00 00:00:00', '0000-00-00 00:00:00', null);
INSERT INTO `tasks` VALUES ('89', '', '03921', '2014-12-16 19:01:38', '测试打扫', '北区', '2014-12-16 19:02:00', '1', '1', '1.0', '打扫卫生，本主题为测试内容', 'DONE', '0000-00-00 00:00:00', '0000-00-00 00:00:00', null);
INSERT INTO `tasks` VALUES ('90', '', '03921', '2014-12-16 19:01:51', '测试打扫', '北区', '2014-12-16 19:02:00', '1', '1', '1.0', '打扫卫生，本主题为测试内容', 'DONE', '0000-00-00 00:00:00', '0000-00-00 00:00:00', null);
INSERT INTO `tasks` VALUES ('92', '', '03921', '2014-12-16 19:02:04', '测试打扫', '北区', '2014-12-16 19:03:00', '1', '1', '1.0', '打扫卫生，本主题为测试内容', 'DONE', '0000-00-00 00:00:00', '0000-00-00 00:00:00', null);
INSERT INTO `tasks` VALUES ('93', '', '03921', '2014-12-16 19:02:17', '测试打扫', '北区', '2014-12-16 19:03:00', '1', '1', '1.0', '打扫卫生，本主题为测试内容', 'DONE', '0000-00-00 00:00:00', '0000-00-00 00:00:00', null);
INSERT INTO `tasks` VALUES ('94', '', '03921', '2014-12-16 19:02:33', '测试打扫', '北区', '2014-12-16 19:03:00', '1', '1', '1.0', '打扫卫生，本主题为测试内容', 'DONE', '0000-00-00 00:00:00', '0000-00-00 00:00:00', null);
INSERT INTO `tasks` VALUES ('95', '', '03921', '2014-12-16 19:02:48', '测试打扫', '北区', '2014-12-16 19:03:00', '1', '1', '1.0', '打扫卫生，本主题为测试内容', 'DONE', '0000-00-00 00:00:00', '0000-00-00 00:00:00', null);
INSERT INTO `tasks` VALUES ('96', '', '03921', '2014-12-16 19:03:04', '测试打扫', '北区', '2014-12-16 19:03:00', '1', '1', '1.0', '打扫卫生，本主题为测试内容', 'DONE', '0000-00-00 00:00:00', '0000-00-00 00:00:00', null);
INSERT INTO `tasks` VALUES ('97', '', '03921', '2014-12-16 19:03:19', '测试打扫', '北区', '2014-12-16 19:04:00', '1', '1', '1.0', '打扫卫生，本主题为测试内容', 'DONE', '0000-00-00 00:00:00', '0000-00-00 00:00:00', null);
INSERT INTO `tasks` VALUES ('98', '', '03921', '2014-12-16 19:03:34', '测试打扫', '北区', '2014-12-16 19:04:00', '1', '1', '1.0', '打扫卫生，本主题为测试内容', 'DONE', '0000-00-00 00:00:00', '0000-00-00 00:00:00', null);
INSERT INTO `tasks` VALUES ('99', '', '03921', '2014-12-16 19:03:47', '测试打扫', '北区', '2014-12-16 19:04:00', '1', '1', '1.0', '打扫卫生，本主题为测试内容', 'DONE', '0000-00-00 00:00:00', '0000-00-00 00:00:00', null);
INSERT INTO `tasks` VALUES ('100', '', '03921', '2014-12-16 19:04:04', '测试打扫', '北区', '2014-12-16 19:04:00', '1', '1', '1.0', '打扫卫生，本主题为测试内容', 'DONE', '0000-00-00 00:00:00', '0000-00-00 00:00:00', null);
INSERT INTO `tasks` VALUES ('101', '', '03921', '2014-12-16 19:04:19', '测试打扫', '北区', '2014-12-16 19:05:00', '1', '1', '1.0', '打扫卫生，本主题为测试内容', 'DONE', '0000-00-00 00:00:00', '0000-00-00 00:00:00', null);
INSERT INTO `tasks` VALUES ('102', '', '03921', '2014-12-16 19:04:34', '测试打扫', '北区', '2014-12-16 19:05:00', '1', '1', '1.0', '打扫卫生，本主题为测试内容', 'DONE', '0000-00-00 00:00:00', '0000-00-00 00:00:00', null);
INSERT INTO `tasks` VALUES ('103', '', '03899', '2014-12-16 19:04:39', '测试-打扫', '北区', '2014-12-16 19:04:00', '13', '4', '9.9', '本次测试内容为打扫', 'DONE', '0000-00-00 00:00:00', '0000-00-00 00:00:00', null);
INSERT INTO `tasks` VALUES ('104', '', '03921', '2014-12-16 19:04:47', '测试打扫', '北区', '2014-12-16 19:05:00', '1', '1', '1.0', '打扫卫生，本主题为测试内容', 'DONE', '0000-00-00 00:00:00', '0000-00-00 00:00:00', null);
INSERT INTO `tasks` VALUES ('105', '', '03899', '2014-12-16 19:04:56', '测试-打扫', '北区', '2014-12-16 19:05:00', '14', '3', '9.9', '本次测试内容为打扫', 'DONE', '0000-00-00 00:00:00', '0000-00-00 00:00:00', null);
INSERT INTO `tasks` VALUES ('106', '', '03921', '2014-12-16 19:05:02', '测试北区', '北区', '2014-12-16 19:05:00', '1', '1', '1.0', '打扫卫生，本主题为测试内容', 'DONE', '0000-00-00 00:00:00', '0000-00-00 00:00:00', null);
INSERT INTO `tasks` VALUES ('107', '', '03899', '2014-12-16 19:05:16', '测试-打扫', '北区', '2014-12-16 19:05:00', '15', '3', '9.9', '本次测试内容为打扫', 'DONE', '0000-00-00 00:00:00', '0000-00-00 00:00:00', null);
INSERT INTO `tasks` VALUES ('108', '', '03921', '2014-12-16 19:05:19', '测试打扫', '北区', '2014-12-16 19:06:00', '1', '1', '1.0', '打扫卫生，本主题为测试内容', 'DONE', '0000-00-00 00:00:00', '0000-00-00 00:00:00', null);
INSERT INTO `tasks` VALUES ('109', '', '03921', '2014-12-16 19:05:30', '测试打扫', '北区', '2014-12-16 19:06:00', '1', '1', '1.0', '打扫卫生，本主题为测试内容', 'DONE', '0000-00-00 00:00:00', '0000-00-00 00:00:00', null);
INSERT INTO `tasks` VALUES ('110', '', '03899', '2014-12-16 19:05:36', '测试打扫', '北区', '2014-12-16 19:06:00', '16', '2', '9.9', '本次测试内容为打扫', 'DONE', '0000-00-00 00:00:00', '0000-00-00 00:00:00', null);
INSERT INTO `tasks` VALUES ('111', '', '03921', '2014-12-16 19:05:52', '测试打扫', '北区', '2014-12-16 19:06:00', '1', '1', '1.0', '打扫卫生，本主题为测试内容', 'DONE', '0000-00-00 00:00:00', '0000-00-00 00:00:00', null);
INSERT INTO `tasks` VALUES ('112', '', '03899', '2014-12-16 19:05:56', '测试打扫', '北区', '2014-12-16 19:06:00', '17', '6', '9.9', '本次测试内容为打扫', 'ACCEPTED', '0000-00-00 00:00:00', '0000-00-00 00:00:00', null);
INSERT INTO `tasks` VALUES ('113', '', '03899', '2014-12-16 19:06:13', '测试-打扫', '北区', '2014-12-16 19:06:00', '18', '4', '9.9', '本次测试内容为打扫', 'ACCEPTED', '0000-00-00 00:00:00', '0000-00-00 00:00:00', null);
INSERT INTO `tasks` VALUES ('114', '', '03921', '2014-12-16 19:06:26', '测试打扫', '北区', '2014-12-16 19:07:00', '1', '1', '1.0', '打扫卫生，本主题为测试内容', 'FULL', '0000-00-00 00:00:00', '0000-00-00 00:00:00', null);
INSERT INTO `tasks` VALUES ('115', '', '03899', '2014-12-16 19:06:36', '测试-打扫', '北区', '2014-12-16 19:07:00', '19', '1', '9.9', '本次测试内容为打扫', 'ACCEPTED', '0000-00-00 00:00:00', '0000-00-00 00:00:00', null);
INSERT INTO `tasks` VALUES ('116', '', '03921', '2014-12-16 19:06:39', '测试打扫', '北区', '2014-12-16 19:07:00', '1', '1', '1.0', '打扫卫生，本主题为测试内容', 'DONE', '0000-00-00 00:00:00', '0000-00-00 00:00:00', null);
INSERT INTO `tasks` VALUES ('117', '', '03921', '2014-12-16 19:06:51', '测试打扫', '北区', '2014-12-16 19:07:00', '1', '0', '1.0', '打扫卫生，本主题为测试内容', 'PUBLISHED', '0000-00-00 00:00:00', '0000-00-00 00:00:00', null);
INSERT INTO `tasks` VALUES ('118', '', '03899', '2014-12-16 19:07:00', '测试-打扫', '北区', '2014-12-16 19:07:00', '20', '1', '9.9', '本次测试内容为打扫', 'ACCEPTED', '0000-00-00 00:00:00', '0000-00-00 00:00:00', null);
INSERT INTO `tasks` VALUES ('119', '', '03921', '2014-12-16 19:07:05', '测试打扫', '北区', '2014-12-16 19:08:00', '1', '1', '1.0', '打扫卫生，本主题为测试内容', 'DONE', '0000-00-00 00:00:00', '0000-00-00 00:00:00', null);
INSERT INTO `tasks` VALUES ('120', '', '03921', '2014-12-16 19:07:19', '测试打扫', '北区', '2014-12-16 19:08:00', '1', '1', '1.0', '打扫卫生，本主题为测试内容', 'DONE', '0000-00-00 00:00:00', '0000-00-00 00:00:00', null);
INSERT INTO `tasks` VALUES ('121', '', '03899', '2014-12-16 19:07:22', '测试-打扫', '北区', '2014-12-16 19:07:00', '21', '1', '9.9', '本次测试内容为打扫', 'ACCEPTED', '0000-00-00 00:00:00', '0000-00-00 00:00:00', null);
INSERT INTO `tasks` VALUES ('122', '', '03899', '2014-12-16 19:07:43', '测试-打扫', '北区', '2014-12-16 19:08:00', '22', '1', '9.9', '本次测试内容为打扫', 'ACCEPTED', '0000-00-00 00:00:00', '0000-00-00 00:00:00', null);
INSERT INTO `tasks` VALUES ('124', '', '03899', '2014-12-16 19:07:58', '测试', '北区', '2014-12-16 19:08:00', '23', '1', '9.9', '本次测试内容为打扫', 'ACCEPTED', '0000-00-00 00:00:00', '0000-00-00 00:00:00', null);
INSERT INTO `tasks` VALUES ('125', '', '03899', '2014-12-16 19:08:18', '测试', '北区', '2014-12-16 19:08:00', '23', '1', '9.9', '本次测试内容为打扫', 'ACCEPTED', '0000-00-00 00:00:00', '0000-00-00 00:00:00', null);
INSERT INTO `tasks` VALUES ('126', '', '03899', '2014-12-16 19:08:32', '测试', '北区', '2014-12-16 19:09:00', '23', '1', '9.9', '本次测试内容为打扫', 'ACCEPTED', '0000-00-00 00:00:00', '0000-00-00 00:00:00', null);
INSERT INTO `tasks` VALUES ('127', '', '03899', '2014-12-16 19:08:53', '测试', '北区', '2014-12-16 19:09:00', '24', '1', '9.9', '本次测试内容为打扫', 'ACCEPTED', '0000-00-00 00:00:00', '0000-00-00 00:00:00', null);
INSERT INTO `tasks` VALUES ('129', '', '03899', '2014-12-16 19:09:42', '测试', '北区', '2014-12-16 19:10:00', '25', '1', '9.9', '本次测试内容为打扫', 'ACCEPTED', '0000-00-00 00:00:00', '0000-00-00 00:00:00', null);
INSERT INTO `tasks` VALUES ('131', '', '03808', '2014-12-16 19:29:31', '批改作业', '办公室', '2014-12-17 13:00:00', '1', '0', '2.0', '批改作业', 'PUBLISHED', '0000-00-00 00:00:00', '0000-00-00 00:00:00', null);
INSERT INTO `tasks` VALUES ('133', '', '01188', '2014-12-16 19:38:28', 'text1', '我', '2014-12-16 20:00:00', '2', '1', '2.0', '少丢开绝色赌妃 ', 'ACCEPTED', '0000-00-00 00:00:00', '0000-00-00 00:00:00', null);
INSERT INTO `tasks` VALUES ('134', '', '03808', '2014-12-16 19:43:54', '机房打扫', '办公室', '2014-12-18 14:00:00', '4', '2', '4.0', '机房打扫卫生', 'ACCEPTED', '0000-00-00 00:00:00', '0000-00-00 00:00:00', null);
INSERT INTO `tasks` VALUES ('135', '', '00447', '2014-12-16 20:04:44', 'text11', '231', '2014-12-16 20:00:00', '2', '1', '3.0', '打扫', 'ACCEPTED', '0000-00-00 00:00:00', '0000-00-00 00:00:00', null);
INSERT INTO `tasks` VALUES ('136', '', '00447', '2014-12-16 20:09:51', 'text2', '23', '2014-12-16 20:00:00', '1', '1', '2.0', '测试', 'FULL', '0000-00-00 00:00:00', '0000-00-00 00:00:00', null);
INSERT INTO `tasks` VALUES ('137', '', '04623', '2014-12-16 20:13:12', '任1', '北区', '2014-12-16 20:00:00', '1', '1', '1.0', '一二三四', 'FULL', '0000-00-00 00:00:00', '0000-00-00 00:00:00', null);
INSERT INTO `tasks` VALUES ('138', '', '04623', '2014-12-16 20:14:25', '任2', '北区', '2014-12-16 20:00:00', '1', '1', '1.0', ' 一二三四', 'FULL', '0000-00-00 00:00:00', '0000-00-00 00:00:00', null);
INSERT INTO `tasks` VALUES ('139', '', '04623', '2014-12-16 20:17:25', '任3', '北区', '2014-12-16 20:00:00', '1', '1', '1.0', '一二三四', 'FULL', '0000-00-00 00:00:00', '0000-00-00 00:00:00', null);
INSERT INTO `tasks` VALUES ('140', '', '04623', '2014-12-16 20:18:16', '任4', ' 北区', '2014-12-16 19:00:00', '1', '1', '1.0', '一二三四', 'FULL', '0000-00-00 00:00:00', '0000-00-00 00:00:00', null);
INSERT INTO `tasks` VALUES ('141', '', '04623', '2014-12-16 20:19:50', '任5', '北区', '2014-12-16 20:00:00', '1', '1', '1.0', '一二三四', 'FULL', '0000-00-00 00:00:00', '0000-00-00 00:00:00', null);
INSERT INTO `tasks` VALUES ('142', '', '04623', '2014-12-16 20:20:18', '任6', '北区', '2014-12-16 21:00:00', '1', '1', '1.0', '一二三四', 'FULL', '0000-00-00 00:00:00', '0000-00-00 00:00:00', null);
INSERT INTO `tasks` VALUES ('143', '', '04623', '2014-12-16 20:20:58', '任7', '北区', '2014-12-16 22:00:00', '1', '1', '1.0', '一二三四', 'FULL', '0000-00-00 00:00:00', '0000-00-00 00:00:00', null);
INSERT INTO `tasks` VALUES ('144', '', '04623', '2014-12-16 20:22:26', '任8', '北区', '2014-12-16 21:00:00', '1', '1', '1.0', '一二三四', 'FULL', '0000-00-00 00:00:00', '0000-00-00 00:00:00', null);
INSERT INTO `tasks` VALUES ('145', '', '04623', '2014-12-16 20:22:53', '任9', '北区', '2014-12-16 20:00:00', '1', '1', '1.0', '一二三四', 'FULL', '0000-00-00 00:00:00', '0000-00-00 00:00:00', null);
INSERT INTO `tasks` VALUES ('146', '', '04623', '2014-12-16 20:23:12', '任10', '北区', '2014-12-16 22:00:00', '1', '1', '1.0', '一二三四', 'FULL', '0000-00-00 00:00:00', '0000-00-00 00:00:00', null);
INSERT INTO `tasks` VALUES ('147', '', '04623', '2014-12-16 20:25:28', '任11', '北区', '2014-12-16 20:00:00', '1', '1', '1.0', '一二三四', 'FULL', '0000-00-00 00:00:00', '0000-00-00 00:00:00', null);
INSERT INTO `tasks` VALUES ('148', '', '02919', '2014-12-16 20:25:41', '0', '0', '2013-12-16 20:25:00', '1', '1', '2.2', '-1', 'FULL', '0000-00-00 00:00:00', '0000-00-00 00:00:00', null);
INSERT INTO `tasks` VALUES ('149', '', '04623', '2014-12-16 20:25:49', '任12', '北区', '2014-12-16 21:00:00', '1', '1', '1.0', '一二三四', 'FULL', '0000-00-00 00:00:00', '0000-00-00 00:00:00', null);
INSERT INTO `tasks` VALUES ('150', '', '04623', '2014-12-16 20:26:04', '打扫', '教室', '2014-12-16 20:00:00', '1', '1', '1.0', '打扫', 'FULL', '0000-00-00 00:00:00', '0000-00-00 00:00:00', null);
INSERT INTO `tasks` VALUES ('151', '', '04623', '2014-12-16 20:26:10', '任13', '北区', '2014-12-16 20:00:00', '1', '1', '1.0', '一二三四', 'FULL', '0000-00-00 00:00:00', '0000-00-00 00:00:00', null);
INSERT INTO `tasks` VALUES ('152', '', '02919', '2014-12-16 20:26:29', 'aaa', 'aa', '2014-12-04 20:27:00', '25', '1', '9.9', '11111111', 'ACCEPTED', '0000-00-00 00:00:00', '0000-00-00 00:00:00', null);
INSERT INTO `tasks` VALUES ('153', '', '04623', '2014-12-16 20:28:16', '任14', '北区', '2014-12-16 21:00:00', '1', '1', '1.0', '一二三四', 'FULL', '0000-00-00 00:00:00', '0000-00-00 00:00:00', null);
INSERT INTO `tasks` VALUES ('154', '', '04623', '2014-12-16 20:28:18', '打扫', '教室', '2014-12-16 20:00:00', '1', '1', '1.0', '打扫', 'FULL', '0000-00-00 00:00:00', '0000-00-00 00:00:00', null);
INSERT INTO `tasks` VALUES ('155', '', '04623', '2014-12-16 20:28:33', '任15', '北区', '2014-12-16 20:00:00', '1', '1', '1.0', '一二三四', 'FULL', '0000-00-00 00:00:00', '0000-00-00 00:00:00', null);
INSERT INTO `tasks` VALUES ('156', '', '04623', '2014-12-16 20:28:55', '任16', '北区', '2014-12-16 21:00:00', '1', '1', '1.0', '一二三四', 'FULL', '0000-00-00 00:00:00', '0000-00-00 00:00:00', null);
INSERT INTO `tasks` VALUES ('157', '', '04623', '2014-12-16 20:29:12', '任17', '北区', '2014-12-16 20:00:00', '1', '1', '1.0', '一二三四', 'FULL', '0000-00-00 00:00:00', '0000-00-00 00:00:00', null);
INSERT INTO `tasks` VALUES ('158', '', '04623', '2014-12-16 20:30:03', '任18', '北区', '2014-12-16 20:00:00', '1', '1', '1.0', '一二三四', 'FULL', '0000-00-00 00:00:00', '0000-00-00 00:00:00', null);
INSERT INTO `tasks` VALUES ('159', '', '04623', '2014-12-16 20:31:32', '任19', '北区', '2014-12-16 20:00:00', '1', '1', '1.0', '一二三四', 'FULL', '0000-00-00 00:00:00', '0000-00-00 00:00:00', null);
INSERT INTO `tasks` VALUES ('160', '', '04623', '2014-12-16 20:32:22', '任20', '北区', '2014-12-16 20:00:00', '1', '1', '1.0', '一二三四', 'FULL', '0000-00-00 00:00:00', '0000-00-00 00:00:00', null);
INSERT INTO `tasks` VALUES ('161', '', '04623', '2014-12-16 20:32:48', '任21', '北区', '2014-12-16 19:00:00', '1', '1', '1.0', '一二三四', 'FULL', '0000-00-00 00:00:00', '0000-00-00 00:00:00', null);
INSERT INTO `tasks` VALUES ('162', '', '04623', '2014-12-16 20:33:30', '任22', '北区', '2014-12-16 19:00:00', '1', '1', '1.0', '一二三四', 'FULL', '0000-00-00 00:00:00', '0000-00-00 00:00:00', null);
INSERT INTO `tasks` VALUES ('163', '', '04623', '2014-12-16 20:36:28', '任23', '北区', '2014-12-16 20:00:00', '1', '1', '1.0', '一二三四', 'FULL', '0000-00-00 00:00:00', '0000-00-00 00:00:00', null);
INSERT INTO `tasks` VALUES ('164', '', '04623', '2014-12-16 20:36:43', '任24', '北区', '2014-12-16 19:00:00', '1', '1', '1.0', '一二三四', 'FULL', '0000-00-00 00:00:00', '0000-00-00 00:00:00', null);
INSERT INTO `tasks` VALUES ('165', '', '04623', '2014-12-16 20:37:03', '任25', '北区', '2014-12-16 18:00:00', '1', '1', '1.0', '一二三四', 'FULL', '0000-00-00 00:00:00', '0000-00-00 00:00:00', null);
INSERT INTO `tasks` VALUES ('169', '', '04623', '2014-12-16 20:39:56', '打扫', '教室', '2014-12-16 20:00:00', '1', '1', '1.0', '打扫', 'FULL', '0000-00-00 00:00:00', '0000-00-00 00:00:00', null);
INSERT INTO `tasks` VALUES ('170', '', '04623', '2014-12-16 20:40:10', '打扫', '教室', '2014-12-16 20:00:00', '1', '1', '1.0', '打扫', 'FULL', '0000-00-00 00:00:00', '0000-00-00 00:00:00', null);
INSERT INTO `tasks` VALUES ('171', '', '04623', '2014-12-16 20:40:24', '打扫', '教室', '2014-12-16 20:00:00', '1', '1', '1.0', '打扫', 'FULL', '0000-00-00 00:00:00', '0000-00-00 00:00:00', null);
INSERT INTO `tasks` VALUES ('172', '', '04623', '2014-12-16 20:40:36', '打扫', '教室', '2014-12-16 20:00:00', '1', '1', '1.0', '打扫', 'FULL', '0000-00-00 00:00:00', '0000-00-00 00:00:00', null);
INSERT INTO `tasks` VALUES ('173', '', '04623', '2014-12-16 20:40:48', '打扫', '教室', '2014-12-16 20:00:00', '1', '1', '1.0', '打扫', 'FULL', '0000-00-00 00:00:00', '0000-00-00 00:00:00', null);
INSERT INTO `tasks` VALUES ('174', '', '04623', '2014-12-16 20:41:01', '打扫', '教室', '2014-12-16 20:00:00', '1', '1', '1.0', '打扫', 'FULL', '0000-00-00 00:00:00', '0000-00-00 00:00:00', null);
INSERT INTO `tasks` VALUES ('175', '', '04623', '2014-12-16 20:41:13', '打扫', '教室', '2014-12-16 20:00:00', '1', '1', '1.0', '打扫', 'FULL', '0000-00-00 00:00:00', '0000-00-00 00:00:00', null);
INSERT INTO `tasks` VALUES ('176', '', '04623', '2014-12-16 20:41:27', '打扫', '教室', '2014-12-16 20:00:00', '1', '1', '1.0', '打扫', 'FULL', '0000-00-00 00:00:00', '0000-00-00 00:00:00', null);
INSERT INTO `tasks` VALUES ('177', '', '04623', '2014-12-16 20:41:41', '打扫', '教室', '2014-12-16 20:00:00', '1', '1', '1.0', '打扫', 'FULL', '0000-00-00 00:00:00', '0000-00-00 00:00:00', null);
INSERT INTO `tasks` VALUES ('178', '', '02919', '2014-12-16 20:41:52', 'saaaaaaaaaaaaaaaaaaaaaaaaaaaaa', 'Canteen', '2014-12-09 20:43:00', '11', '1', '9.9', '11', 'ACCEPTED', '0000-00-00 00:00:00', '0000-00-00 00:00:00', null);
INSERT INTO `tasks` VALUES ('179', '', '04623', '2014-12-16 20:41:57', '打扫', '教室', '2014-12-16 20:00:00', '1', '1', '1.0', '打扫', 'FULL', '0000-00-00 00:00:00', '0000-00-00 00:00:00', null);
INSERT INTO `tasks` VALUES ('180', '', '04623', '2014-12-16 20:42:09', '打扫', '教室', '2014-12-16 20:00:00', '1', '1', '1.0', '打扫', 'FULL', '0000-00-00 00:00:00', '0000-00-00 00:00:00', null);
INSERT INTO `tasks` VALUES ('181', '', '04623', '2014-12-16 20:42:21', '打扫', '教室', '2014-12-16 20:00:00', '1', '1', '1.0', '打扫', 'FULL', '0000-00-00 00:00:00', '0000-00-00 00:00:00', null);
INSERT INTO `tasks` VALUES ('182', '', '04623', '2014-12-16 20:42:34', '打扫', '教室', '2014-12-16 20:00:00', '1', '1', '1.0', '打扫', 'FULL', '0000-00-00 00:00:00', '0000-00-00 00:00:00', null);
INSERT INTO `tasks` VALUES ('183', '', '04623', '2014-12-16 20:42:45', '打扫', '教室', '2014-12-16 20:00:00', '1', '1', '1.0', '打扫', 'FULL', '0000-00-00 00:00:00', '0000-00-00 00:00:00', null);
INSERT INTO `tasks` VALUES ('184', '', '04623', '2014-12-16 20:42:59', '打扫', '教室', '2014-12-16 20:00:00', '1', '1', '1.0', '打扫', 'DONE', '0000-00-00 00:00:00', '0000-00-00 00:00:00', null);
INSERT INTO `tasks` VALUES ('185', '', '04623', '2014-12-16 20:43:10', '打扫', '教室', '2014-12-16 20:00:00', '1', '1', '1.0', '打扫', 'DONE', '0000-00-00 00:00:00', '0000-00-00 00:00:00', null);
INSERT INTO `tasks` VALUES ('186', '', '04623', '2014-12-16 20:43:24', '打扫', '教室', '2014-12-16 20:00:00', '1', '1', '1.0', '打扫', 'DONE', '0000-00-00 00:00:00', '0000-00-00 00:00:00', null);
INSERT INTO `tasks` VALUES ('187', '', '04623', '2014-12-16 20:43:35', '打扫', '教室', '2014-12-16 20:00:00', '1', '1', '1.0', '打扫', 'DONE', '0000-00-00 00:00:00', '0000-00-00 00:00:00', null);
INSERT INTO `tasks` VALUES ('188', '', '04623', '2014-12-16 20:43:48', '打扫', '教室', '2014-12-16 20:00:00', '1', '1', '1.0', '打扫', 'FULL', '0000-00-00 00:00:00', '0000-00-00 00:00:00', null);
INSERT INTO `tasks` VALUES ('189', '', '04623', '2014-12-16 20:44:01', '打扫', '教室', '2014-12-16 20:00:00', '1', '1', '1.0', '打扫', 'FULL', '0000-00-00 00:00:00', '0000-00-00 00:00:00', null);
INSERT INTO `tasks` VALUES ('190', '', '04623', '2014-12-16 20:44:12', '打扫', '教室', '2014-12-16 20:00:00', '1', '1', '1.0', '打扫', 'FULL', '0000-00-00 00:00:00', '0000-00-00 00:00:00', null);
INSERT INTO `tasks` VALUES ('191', '', '04623', '2014-12-16 20:44:24', '打扫', '教室', '2014-12-16 20:00:00', '1', '1', '1.0', '打扫', 'FULL', '0000-00-00 00:00:00', '0000-00-00 00:00:00', null);
INSERT INTO `tasks` VALUES ('192', '', '02919', '2014-12-16 20:44:50', 'saaaaaaaaaaaaaaaaaaaaaaaaaaaaa', '11111', '2014-12-25 20:45:00', '1', '1', '1.0', 'saaaaaaaaaaaaaaaaaaaaaaaaaaaaaaaaaaaaaaaaaaaaaaaaaaaaaaaaaaaaaaaaaaaaaaaaaa', 'DONE', '0000-00-00 00:00:00', '0000-00-00 00:00:00', null);
INSERT INTO `tasks` VALUES ('193', '', '04623', '2014-12-16 20:50:27', '志愿服务', 'B511', '2014-12-17 10:00:00', '4', '1', '3.0', '打扫卫生', 'ACCEPTED', '0000-00-00 00:00:00', '0000-00-00 00:00:00', null);
INSERT INTO `tasks` VALUES ('194', '', '02919', '2014-12-16 20:52:24', 'aaaaaaaaaaaaaaaaaaaaaaaaaaaaaa', 'aaaaaaaaaaaaaaaaaaaaaaaaaaaaaa', '2014-12-09 20:53:00', '11', '1', '2.0', 'aaaaaaaaaaaaaaaaaaaaaaaaaaaaaaaaaaaaaaaaaaaaaaaaaaaaaaaaaaaaaaaaaaaaaaaaaaaaaaaaaaaaaaaaaaaaaaaaaaaa', 'ACCEPTED', '0000-00-00 00:00:00', '0000-00-00 00:00:00', null);
INSERT INTO `tasks` VALUES ('195', '', '03808', '2014-12-16 20:53:13', '测试', '工科楼司法解释', '2014-12-18 14:00:00', '2', '1', '9.9', '测试志愿服务平台', 'ACCEPTED', '0000-00-00 00:00:00', '0000-00-00 00:00:00', null);
INSERT INTO `tasks` VALUES ('196', '', '04623', '2014-12-16 20:55:55', '志愿服务', 'B511', '2014-12-16 19:00:00', '1', '1', '1.0', '打扫卫生\r\n', 'DONE', '0000-00-00 00:00:00', '0000-00-00 00:00:00', null);
INSERT INTO `tasks` VALUES ('197', '', '00301', '2014-12-16 20:57:16', '图书馆打扫', '图书馆', '2014-12-18 19:00:00', '1', '1', '1.0', '图书馆书籍分类', 'DONE', '0000-00-00 00:00:00', '0000-00-00 00:00:00', null);
INSERT INTO `tasks` VALUES ('198', '', '04623', '2014-12-16 20:57:59', '打胡梦霞', '宿舍', '2014-12-01 20:56:00', '1', '1', '1.0', '打胡梦霞', 'DONE', '0000-00-00 00:00:00', '0000-00-00 00:00:00', null);
INSERT INTO `tasks` VALUES ('199', '', '03808', '2014-12-16 21:02:19', '111111', '食堂3楼', '2014-12-16 21:00:00', '2', '1', '1.0', '打扫卫生', 'DONE', '0000-00-00 00:00:00', '0000-00-00 00:00:00', null);
INSERT INTO `tasks` VALUES ('200', '', '04623', '2014-12-16 21:09:16', '志愿服务', 'A201', '2014-12-18 12:00:00', '2', '1', '2.0', '打扫卫生', 'ACCEPTED', '0000-00-00 00:00:00', '0000-00-00 00:00:00', null);
INSERT INTO `tasks` VALUES ('201', '', '04623', '2014-12-16 21:10:07', '挠胡梦霞', '宿舍', '2014-12-18 21:11:00', '2', '1', '2.0', '挠胡梦霞', 'ACCEPTED', '0000-00-00 00:00:00', '0000-00-00 00:00:00', null);
INSERT INTO `tasks` VALUES ('202', '', '03899', '2014-12-16 21:10:19', '打电话', '的观点', '2014-12-26 14:00:00', '5', '1', '9.9', '我的财富', 'ACCEPTED', '0000-00-00 00:00:00', '0000-00-00 00:00:00', null);
INSERT INTO `tasks` VALUES ('203', '', '04623', '2014-12-16 21:11:01', 'touch me', 'bed', '2014-12-10 21:12:00', '8', '1', '8.0', 'touch me', 'ACCEPTED', '0000-00-00 00:00:00', '0000-00-00 00:00:00', null);
INSERT INTO `tasks` VALUES ('204', '', '03808', '2014-12-16 21:13:59', '111111', '食堂3楼', '2014-12-16 22:00:00', '2', '1', '1.0', '打扫食堂3楼', 'DONE', '0000-00-00 00:00:00', '0000-00-00 00:00:00', null);
INSERT INTO `tasks` VALUES ('205', '', '04623', '2014-12-16 21:14:40', 'eat apple', 'shitang', '2014-12-16 18:00:00', '2', '1', '1.0', 'eat apple', 'ACCEPTED', '0000-00-00 00:00:00', '0000-00-00 00:00:00', null);
INSERT INTO `tasks` VALUES ('206', '', '04623', '2014-12-16 21:14:49', '志愿服务', 'A202', '2014-12-22 12:00:00', '3', '1', '2.0', '打扫卫生', 'ACCEPTED', '0000-00-00 00:00:00', '0000-00-00 00:00:00', null);
INSERT INTO `tasks` VALUES ('207', '', '04623', '2014-12-16 21:15:57', '1扫', '1919', '2014-12-19 22:00:00', '4', '1', '2.0', '扫扫扫扫扫扫扫扫扫扫扫扫扫扫扫扫扫扫扫扫扫扫扫扫扫扫扫扫扫扫扫扫扫扫扫扫扫扫扫扫扫扫扫扫扫扫扫扫扫扫扫扫扫扫扫扫扫扫扫扫扫扫扫扫扫扫扫扫扫扫扫扫扫扫扫扫扫扫扫扫扫扫扫扫扫扫扫扫扫扫扫扫扫扫扫扫扫扫扫扫', 'ACCEPTED', '0000-00-00 00:00:00', '0000-00-00 00:00:00', null);
INSERT INTO `tasks` VALUES ('208', '', '04623', '2014-12-16 21:17:48', '志愿服务', '工科楼', '2014-12-18 12:00:00', '4', '1', '2.0', '打扫卫生', 'ACCEPTED', '0000-00-00 00:00:00', '0000-00-00 00:00:00', null);
INSERT INTO `tasks` VALUES ('209', '', '00301', '2014-12-16 21:19:40', '测试打扫', '测试打扫', '2014-12-16 21:19:00', '2', '1', '1.0', '测试打扫', 'ACCEPTED', '0000-00-00 00:00:00', '0000-00-00 00:00:00', null);
INSERT INTO `tasks` VALUES ('210', '', '04623', '2014-12-16 21:19:52', '志愿服务', '工科楼', '2014-12-18 12:00:00', '4', '1', '2.0', '打扫卫生', 'ACCEPTED', '0000-00-00 00:00:00', '0000-00-00 00:00:00', null);
INSERT INTO `tasks` VALUES ('211', '', '00301', '2014-12-16 21:19:53', '测试打扫', '测试打扫', '2014-12-16 21:20:00', '1', '1', '1.0', '测试打扫', 'FULL', '0000-00-00 00:00:00', '0000-00-00 00:00:00', null);
INSERT INTO `tasks` VALUES ('212', '', '04623', '2014-12-16 21:19:55', '看邵佳媚宽衣', '马路上', '2014-12-16 22:00:00', '2', '1', '3.0', '看邵佳媚宽衣', 'ACCEPTED', '0000-00-00 00:00:00', '0000-00-00 00:00:00', null);
INSERT INTO `tasks` VALUES ('213', '', '00301', '2014-12-16 21:20:06', '测试打扫', '测试打扫', '2014-12-16 21:20:00', '1', '1', '1.0', '测试打扫', 'FULL', '0000-00-00 00:00:00', '0000-00-00 00:00:00', null);
INSERT INTO `tasks` VALUES ('214', '', '00301', '2014-12-16 21:20:17', '测试打扫', '测试打扫', '2014-12-16 21:20:00', '1', '1', '1.0', '测试打扫', 'FULL', '0000-00-00 00:00:00', '0000-00-00 00:00:00', null);
INSERT INTO `tasks` VALUES ('215', '', '00301', '2014-12-16 21:20:26', '测试打扫', '测试打扫', '2014-12-16 21:20:00', '1', '1', '1.0', '测试打扫', 'FULL', '0000-00-00 00:00:00', '0000-00-00 00:00:00', null);
INSERT INTO `tasks` VALUES ('216', '', '03808', '2014-12-16 21:20:36', '打扫厕所', '打扫厕所', '2014-12-19 21:21:00', '2', '1', '9.9', '打扫厕所', 'DONE', '0000-00-00 00:00:00', '0000-00-00 00:00:00', null);
INSERT INTO `tasks` VALUES ('217', '', '00301', '2014-12-16 21:20:37', '测试打扫', '测试打扫', '2014-12-16 21:20:00', '1', '1', '1.0', '测试打扫', 'FULL', '0000-00-00 00:00:00', '0000-00-00 00:00:00', null);
INSERT INTO `tasks` VALUES ('218', '', '04623', '2014-12-16 21:20:41', '志愿服务', '工科楼', '2014-12-18 21:20:00', '4', '1', '2.0', '打扫卫生', 'ACCEPTED', '0000-00-00 00:00:00', '0000-00-00 00:00:00', null);
INSERT INTO `tasks` VALUES ('219', '', '00301', '2014-12-16 21:20:52', '测试打扫', '测试打扫', '2014-12-16 21:21:00', '1', '1', '1.0', '测试打扫', 'FULL', '0000-00-00 00:00:00', '0000-00-00 00:00:00', null);
INSERT INTO `tasks` VALUES ('220', '', '03808', '2014-12-16 21:20:58', '打扫厕所', '打扫厕所', '2014-12-19 21:21:00', '2', '1', '9.9', '打扫厕所', 'DONE', '0000-00-00 00:00:00', '0000-00-00 00:00:00', null);
INSERT INTO `tasks` VALUES ('221', '', '04623', '2014-12-16 21:21:02', '志愿服务', '工科楼', '2015-03-18 21:20:00', '4', '1', '2.0', '打扫卫生', 'ACCEPTED', '0000-00-00 00:00:00', '0000-00-00 00:00:00', null);
INSERT INTO `tasks` VALUES ('222', '', '03808', '2014-12-16 21:21:05', '打扫厕所', '打扫厕所', '2014-12-19 21:21:00', '2', '1', '9.9', '打扫厕所', 'ACCEPTED', '0000-00-00 00:00:00', '0000-00-00 00:00:00', null);
INSERT INTO `tasks` VALUES ('223', '', '03808', '2014-12-16 21:21:09', '打扫厕所', '打扫厕所', '2014-12-19 21:21:00', '2', '1', '9.9', '打扫厕所', 'ACCEPTED', '0000-00-00 00:00:00', '0000-00-00 00:00:00', null);
INSERT INTO `tasks` VALUES ('224', '', '00301', '2014-12-16 21:21:13', '测试打扫', '测试打扫', '2014-12-16 21:21:00', '1', '1', '1.0', '测试打扫', 'DONE', '0000-00-00 00:00:00', '0000-00-00 00:00:00', null);
INSERT INTO `tasks` VALUES ('225', '', '00301', '2014-12-16 21:21:15', '测试打扫', '测试打扫', '2014-12-16 21:21:00', '1', '1', '1.0', '测试打扫', 'DONE', '0000-00-00 00:00:00', '0000-00-00 00:00:00', null);
INSERT INTO `tasks` VALUES ('226', '', '00301', '2014-12-16 21:21:16', '测试打扫', '测试打扫', '2014-12-16 21:21:00', '1', '1', '1.0', '测试打扫', 'DONE', '0000-00-00 00:00:00', '0000-00-00 00:00:00', null);
INSERT INTO `tasks` VALUES ('227', '', '00301', '2014-12-16 21:21:18', '测试打扫', '测试打扫', '2014-12-16 21:21:00', '1', '1', '1.0', '测试打扫', 'DONE', '0000-00-00 00:00:00', '0000-00-00 00:00:00', null);
INSERT INTO `tasks` VALUES ('228', '', '00301', '2014-12-16 21:21:20', '测试打扫', '测试打扫', '2014-12-16 21:21:00', '1', '1', '1.0', '测试打扫', 'DONE', '0000-00-00 00:00:00', '0000-00-00 00:00:00', null);
INSERT INTO `tasks` VALUES ('229', '', '00301', '2014-12-16 21:21:21', '测试打扫', '测试打扫', '2014-12-16 21:21:00', '1', '1', '1.0', '测试打扫', 'DONE', '0000-00-00 00:00:00', '0000-00-00 00:00:00', null);
INSERT INTO `tasks` VALUES ('230', '', '04623', '2014-12-16 21:21:24', '志愿服务', '工科楼', '2014-12-18 21:20:00', '4', '1', '2.0', '打扫卫生', 'ACCEPTED', '0000-00-00 00:00:00', '0000-00-00 00:00:00', null);
INSERT INTO `tasks` VALUES ('231', '', '04623', '2014-12-16 21:21:51', '志愿服务', '工科楼', '2014-12-18 21:21:00', '4', '1', '2.0', '打扫卫生', 'ACCEPTED', '0000-00-00 00:00:00', '0000-00-00 00:00:00', null);
INSERT INTO `tasks` VALUES ('232', '', '03808', '2014-12-16 21:22:05', '测试打扫536', '测试打扫536', '2014-12-19 21:23:00', '2', '1', '9.9', '测试打扫536', 'ACCEPTED', '0000-00-00 00:00:00', '0000-00-00 00:00:00', null);
INSERT INTO `tasks` VALUES ('233', '', '04623', '2014-12-16 21:22:16', '志愿服务', '工科楼', '2014-12-18 21:21:00', '4', '1', '2.0', '打扫卫生\r\n', 'ACCEPTED', '0000-00-00 00:00:00', '0000-00-00 00:00:00', null);
INSERT INTO `tasks` VALUES ('234', '', '04623', '2014-12-16 21:22:34', '写作业', 'a', '2014-12-03 21:23:00', '1', '1', '2.0', '写作业', 'FULL', '0000-00-00 00:00:00', '0000-00-00 00:00:00', null);
INSERT INTO `tasks` VALUES ('235', '', '04623', '2014-12-16 21:22:39', '志愿服务', '工科楼', '2014-12-18 21:22:00', '4', '1', '2.0', '打扫卫生', 'ACCEPTED', '0000-00-00 00:00:00', '0000-00-00 00:00:00', null);
INSERT INTO `tasks` VALUES ('236', '', '00301', '2014-12-16 21:22:42', '测试打扫', '测试打扫', '2014-12-16 21:22:00', '1', '1', '1.0', '测试打扫', 'FULL', '0000-00-00 00:00:00', '0000-00-00 00:00:00', null);
INSERT INTO `tasks` VALUES ('237', '', '00301', '2014-12-16 21:22:51', '测试打扫', '测试打扫', '2014-12-16 21:23:00', '1', '1', '1.0', '测试打扫', 'FULL', '0000-00-00 00:00:00', '0000-00-00 00:00:00', null);
INSERT INTO `tasks` VALUES ('238', '', '04623', '2014-12-16 21:22:55', '写导论作业', 'a', '2014-12-03 21:24:00', '4', '1', '4.0', '写导论作业\r\n', 'ACCEPTED', '0000-00-00 00:00:00', '0000-00-00 00:00:00', null);
INSERT INTO `tasks` VALUES ('239', '', '00301', '2014-12-16 21:22:59', '测试打扫', '测试打扫', '2014-12-16 21:23:00', '1', '1', '1.0', '测试打扫', 'FULL', '0000-00-00 00:00:00', '0000-00-00 00:00:00', null);
INSERT INTO `tasks` VALUES ('240', '', '04623', '2014-12-16 21:22:59', '志愿服务', '工科楼', '2014-12-18 21:22:00', '4', '1', '2.0', '打扫卫生', 'ACCEPTED', '0000-00-00 00:00:00', '0000-00-00 00:00:00', null);
INSERT INTO `tasks` VALUES ('241', '', '00301', '2014-12-16 21:23:07', '测试打扫', '测试打扫', '2014-12-16 21:23:00', '1', '1', '1.0', '测试打扫', 'FULL', '0000-00-00 00:00:00', '0000-00-00 00:00:00', null);
INSERT INTO `tasks` VALUES ('242', '', '04623', '2014-12-16 21:23:20', '志愿服务', '工科楼', '2014-12-18 21:22:00', '4', '1', '2.0', '打扫卫生', 'ACCEPTED', '0000-00-00 00:00:00', '0000-00-00 00:00:00', null);
INSERT INTO `tasks` VALUES ('243', '', '00301', '2014-12-16 21:23:23', '测试打扫', '测试打扫', '2014-12-16 21:23:00', '1', '1', '1.0', '测试打扫测试打扫', 'FULL', '0000-00-00 00:00:00', '0000-00-00 00:00:00', null);
INSERT INTO `tasks` VALUES ('244', '', '03808', '2014-12-16 21:23:34', '测试打扫536', '测试打扫536', '2014-12-19 21:24:00', '2', '1', '9.9', '测试打扫536', 'ACCEPTED', '0000-00-00 00:00:00', '0000-00-00 00:00:00', null);
INSERT INTO `tasks` VALUES ('245', '', '00301', '2014-12-16 21:23:35', '测试打扫', '测试打扫', '2014-12-16 21:23:00', '1', '1', '1.0', '测试打扫', 'FULL', '0000-00-00 00:00:00', '0000-00-00 00:00:00', null);
INSERT INTO `tasks` VALUES ('246', '', '04623', '2014-12-16 21:23:41', '志愿服务', '工科楼', '2014-12-18 21:23:00', '4', '1', '2.0', '打扫卫生', 'ACCEPTED', '0000-00-00 00:00:00', '0000-00-00 00:00:00', null);
INSERT INTO `tasks` VALUES ('247', '', '04623', '2014-12-16 21:23:57', '志愿服务', '工科楼', '2014-12-18 21:23:00', '4', '1', '2.0', '打扫卫生', 'ACCEPTED', '0000-00-00 00:00:00', '0000-00-00 00:00:00', null);
INSERT INTO `tasks` VALUES ('248', '', '00301', '2014-12-16 21:24:04', '测试打扫', '测试打扫', '2014-12-16 21:24:00', '1', '1', '1.0', '1测试打扫', 'FULL', '0000-00-00 00:00:00', '0000-00-00 00:00:00', null);
INSERT INTO `tasks` VALUES ('249', '', '00301', '2014-12-16 21:24:13', '测试打扫', '测试打扫', '2014-12-16 21:24:00', '11', '1', '1.0', '测试打扫', 'ACCEPTED', '0000-00-00 00:00:00', '0000-00-00 00:00:00', null);
INSERT INTO `tasks` VALUES ('250', '', '03808', '2014-12-16 21:24:14', '测试打扫536', '测试打扫536', '2014-12-19 21:25:00', '2', '1', '9.9', '测试打扫536', 'ACCEPTED', '0000-00-00 00:00:00', '0000-00-00 00:00:00', null);
INSERT INTO `tasks` VALUES ('251', '', '04623', '2014-12-16 21:24:20', '志愿服务', '工科楼', '2014-12-18 21:23:00', '4', '1', '2.0', '打扫卫生', 'ACCEPTED', '0000-00-00 00:00:00', '0000-00-00 00:00:00', null);
INSERT INTO `tasks` VALUES ('252', '', '00301', '2014-12-16 21:24:23', '测试打扫', '测试打扫', '2014-12-16 21:24:00', '1', '1', '1.0', '测试打扫', 'FULL', '0000-00-00 00:00:00', '0000-00-00 00:00:00', null);
INSERT INTO `tasks` VALUES ('253', '', '03808', '2014-12-16 21:24:29', '测试打扫536', '测试打扫536', '2014-12-19 21:25:00', '2', '1', '9.9', '测试打扫536', 'ACCEPTED', '0000-00-00 00:00:00', '0000-00-00 00:00:00', null);
INSERT INTO `tasks` VALUES ('254', '', '04623', '2014-12-16 21:24:41', '志愿服务', '工科楼', '2014-12-18 21:24:00', '4', '1', '2.0', '打扫卫生', 'ACCEPTED', '0000-00-00 00:00:00', '0000-00-00 00:00:00', null);
INSERT INTO `tasks` VALUES ('255', '', '03808', '2014-12-16 21:24:42', '测试打扫536', '测试打扫536', '2014-12-17 21:26:00', '2', '1', '9.9', '测试打扫536', 'ACCEPTED', '0000-00-00 00:00:00', '0000-00-00 00:00:00', null);
INSERT INTO `tasks` VALUES ('256', '', '00301', '2014-12-16 21:24:46', '测试打扫', '测试打扫', '2014-12-16 21:24:00', '1', '1', '1.0', ' 测试打扫', 'FULL', '0000-00-00 00:00:00', '0000-00-00 00:00:00', null);
INSERT INTO `tasks` VALUES ('257', '', '03808', '2014-12-16 21:24:54', '测试打扫536', '测试打扫536', '2014-12-18 21:26:00', '2', '1', '9.9', '测试打扫536', 'ACCEPTED', '0000-00-00 00:00:00', '0000-00-00 00:00:00', null);
INSERT INTO `tasks` VALUES ('258', '', '00301', '2014-12-16 21:25:05', '测试打扫', '测试打扫', '2014-12-16 21:25:00', '2', '1', '1.0', '测试打扫', 'DONE', '0000-00-00 00:00:00', '0000-00-00 00:00:00', null);
INSERT INTO `tasks` VALUES ('259', '', '03808', '2014-12-16 21:25:08', '测试打扫536', '测试打扫536', '2014-12-18 21:26:00', '1', '1', '9.9', '测试打扫536', 'FULL', '0000-00-00 00:00:00', '0000-00-00 00:00:00', null);
INSERT INTO `tasks` VALUES ('260', '', '00301', '2014-12-16 21:25:19', '测试打扫', '测试打扫', '2014-12-16 21:25:00', '1', '1', '1.0', '测试打扫', 'DONE', '0000-00-00 00:00:00', '0000-00-00 00:00:00', null);
INSERT INTO `tasks` VALUES ('261', '', '03808', '2014-12-16 21:25:24', '测试打扫536', '测试打扫536', '2014-12-18 21:26:00', '2', '1', '9.9', '测试打扫536', 'DONE', '0000-00-00 00:00:00', '0000-00-00 00:00:00', null);
INSERT INTO `tasks` VALUES ('262', '', '00301', '2014-12-16 21:25:27', '测试打扫', '测试打扫', '2014-12-16 21:25:00', '1', '1', '1.0', '测试打扫', 'DONE', '0000-00-00 00:00:00', '0000-00-00 00:00:00', null);
INSERT INTO `tasks` VALUES ('263', '', '00301', '2014-12-16 21:25:36', '测试打扫', '测试打扫', '2014-12-16 21:25:00', '1', '1', '1.0', '测试打扫', 'DONE', '0000-00-00 00:00:00', '0000-00-00 00:00:00', null);
INSERT INTO `tasks` VALUES ('264', '', '03808', '2014-12-16 21:25:37', '测试打扫536', '测试打扫536', '2014-12-18 21:26:00', '2', '1', '9.9', '测试打扫536', 'ACCEPTED', '0000-00-00 00:00:00', '0000-00-00 00:00:00', null);
INSERT INTO `tasks` VALUES ('265', '', '00301', '2014-12-16 21:25:45', '测试打扫', '测试打扫', '2014-12-16 21:25:00', '1', '1', '1.0', '测试打扫', 'DONE', '0000-00-00 00:00:00', '0000-00-00 00:00:00', null);
INSERT INTO `tasks` VALUES ('266', '', '04623', '2014-12-16 21:25:46', '帮靳洁洗内裤', '洗衣房', '2014-12-19 22:00:00', '6', '1', '1.0', '帮靳洁洗内裤', 'ACCEPTED', '0000-00-00 00:00:00', '0000-00-00 00:00:00', null);
INSERT INTO `tasks` VALUES ('267', '', '03808', '2014-12-16 21:25:48', '测试打扫536', '测试打扫536', '2014-12-18 21:27:00', '2', '1', '9.9', '测试打扫536', 'ACCEPTED', '0000-00-00 00:00:00', '0000-00-00 00:00:00', null);
INSERT INTO `tasks` VALUES ('268', '', '00301', '2014-12-16 21:25:51', '测试打扫', '测试打扫', '2014-12-16 21:26:00', '1', '1', '1.0', '测试打扫', 'DONE', '0000-00-00 00:00:00', '0000-00-00 00:00:00', null);
INSERT INTO `tasks` VALUES ('269', '', '00301', '2014-12-16 21:25:59', '测试打扫', '测试打扫', '2014-12-16 21:26:00', '1', '1', '1.0', '1测试打扫', 'DONE', '0000-00-00 00:00:00', '0000-00-00 00:00:00', null);
INSERT INTO `tasks` VALUES ('270', '', '03808', '2014-12-16 21:26:02', '测试打扫536', '测试打扫536', '2014-12-16 21:27:00', '4', '1', '9.9', '测试打扫536', 'ACCEPTED', '0000-00-00 00:00:00', '0000-00-00 00:00:00', null);
INSERT INTO `tasks` VALUES ('271', '', '00301', '2014-12-16 21:26:10', '测试打扫', '测试打扫', '2014-12-16 21:26:00', '1', '1', '1.0', '测试打扫', 'DONE', '0000-00-00 00:00:00', '0000-00-00 00:00:00', null);
INSERT INTO `tasks` VALUES ('272', '', '03808', '2014-12-16 21:26:16', '测试打扫536', '测试打扫536', '2014-12-17 21:27:00', '22', '1', '9.9', '测试打扫536', 'ACCEPTED', '0000-00-00 00:00:00', '0000-00-00 00:00:00', null);
INSERT INTO `tasks` VALUES ('273', '', '00301', '2014-12-16 21:26:17', '测试打扫', '测试打扫', '2014-12-16 21:26:00', '1', '1', '1.0', '测试打扫', 'DONE', '0000-00-00 00:00:00', '0000-00-00 00:00:00', null);
INSERT INTO `tasks` VALUES ('274', '', '00301', '2014-12-16 21:26:26', '测试打扫', '测试打扫', '2014-12-16 21:26:00', '1', '1', '1.0', '测试打扫', 'DONE', '0000-00-00 00:00:00', '0000-00-00 00:00:00', null);
INSERT INTO `tasks` VALUES ('275', '', '00143', '2014-12-16 21:26:35', '小测试', '小测试', '2014-12-16 21:25:00', '1', '1', '1.0', '1', 'FULL', '0000-00-00 00:00:00', '0000-00-00 00:00:00', null);
INSERT INTO `tasks` VALUES ('276', '', '00301', '2014-12-16 21:26:37', '测试打扫', '测试打扫', '2014-12-16 21:26:00', '1', '1', '1.0', '测试打扫', 'DONE', '0000-00-00 00:00:00', '0000-00-00 00:00:00', null);
INSERT INTO `tasks` VALUES ('277', '', '00143', '2014-12-16 21:26:41', '小测试', '小测试', '2014-12-16 21:25:00', '1', '1', '1.0', '1', 'FULL', '0000-00-00 00:00:00', '0000-00-00 00:00:00', null);
INSERT INTO `tasks` VALUES ('278', '', '03808', '2014-12-16 21:26:44', '测试打扫536', '测试打扫536', '2014-12-17 21:28:00', '2', '1', '9.9', '测试打扫536', 'ACCEPTED', '0000-00-00 00:00:00', '0000-00-00 00:00:00', null);
INSERT INTO `tasks` VALUES ('279', '', '00143', '2014-12-16 21:26:45', '小测试', '小测试', '2014-12-16 21:25:00', '1', '1', '1.0', '1', 'FULL', '0000-00-00 00:00:00', '0000-00-00 00:00:00', null);
INSERT INTO `tasks` VALUES ('280', '', '04623', '2014-12-16 21:26:47', '志愿服务', '工科楼', '2014-12-18 21:26:00', '4', '1', '2.0', '打扫卫生\r\n', 'ACCEPTED', '0000-00-00 00:00:00', '0000-00-00 00:00:00', null);
INSERT INTO `tasks` VALUES ('281', '', '03808', '2014-12-16 21:26:58', '测试打扫536', '测试打扫536', '2014-12-18 21:28:00', '5', '1', '9.9', '测试打扫536', 'ACCEPTED', '0000-00-00 00:00:00', '0000-00-00 00:00:00', null);
INSERT INTO `tasks` VALUES ('282', '', '00143', '2014-12-16 21:27:01', '小测试', '小测试', '2014-12-16 21:26:00', '1', '2', '1.0', '1', 'FULL', '0000-00-00 00:00:00', '0000-00-00 00:00:00', null);
INSERT INTO `tasks` VALUES ('284', '', '04623', '2014-12-16 21:27:07', '志愿服务', '工科楼', '2014-12-18 21:26:00', '4', '1', '2.0', '打扫卫生', 'ACCEPTED', '0000-00-00 00:00:00', '0000-00-00 00:00:00', null);
INSERT INTO `tasks` VALUES ('285', '', '00301', '2014-12-16 21:27:12', '测试打扫', '测试打扫', '2014-12-16 21:27:00', '1', '1', '1.0', '测试打扫', 'DONE', '0000-00-00 00:00:00', '0000-00-00 00:00:00', null);
INSERT INTO `tasks` VALUES ('286', '', '00143', '2014-12-16 21:27:16', '小测试', '小测试', '2014-12-16 21:26:00', '1', '1', '1.0', '1', 'FULL', '0000-00-00 00:00:00', '0000-00-00 00:00:00', null);
INSERT INTO `tasks` VALUES ('287', '', '00301', '2014-12-16 21:27:18', '测试打扫', '测试打扫', '2014-12-16 21:27:00', '1', '1', '1.0', '测试打扫', 'DONE', '0000-00-00 00:00:00', '0000-00-00 00:00:00', null);
INSERT INTO `tasks` VALUES ('289', '', '03808', '2014-12-16 21:27:27', '测试打扫536', '测试打扫536', '2014-12-18 21:28:00', '2', '1', '9.9', '测试打扫536', 'ACCEPTED', '0000-00-00 00:00:00', '0000-00-00 00:00:00', null);
INSERT INTO `tasks` VALUES ('290', '', '04623', '2014-12-16 21:27:27', '志愿服务', '工科楼', '2014-12-18 21:27:00', '4', '1', '2.0', '打扫卫生', 'ACCEPTED', '0000-00-00 00:00:00', '0000-00-00 00:00:00', null);
INSERT INTO `tasks` VALUES ('292', '', '00301', '2014-12-16 21:27:32', '测试打扫', '测试打扫', '2014-12-16 21:27:00', '1', '1', '1.0', '测试打扫', 'DONE', '0000-00-00 00:00:00', '0000-00-00 00:00:00', null);
INSERT INTO `tasks` VALUES ('293', '', '00301', '2014-12-16 21:27:40', '测试打扫', '测试打扫', '2014-12-16 21:27:00', '1', '1', '1.0', '测试打扫', 'DONE', '0000-00-00 00:00:00', '0000-00-00 00:00:00', null);
INSERT INTO `tasks` VALUES ('294', '', '04623', '2014-12-16 21:27:43', '削1个梨子', '凳子上', '2014-12-26 21:29:00', '2', '1', '1.0', '削1个梨子', 'ACCEPTED', '0000-00-00 00:00:00', '0000-00-00 00:00:00', null);
INSERT INTO `tasks` VALUES ('295', '', '00143', '2014-12-16 21:27:45', '小测试', '小测试', '2014-12-16 21:26:00', '1', '2', '1.0', '1', 'FULL', '0000-00-00 00:00:00', '0000-00-00 00:00:00', null);
INSERT INTO `tasks` VALUES ('296', '', '04623', '2014-12-16 21:27:46', '志愿服务', '工科楼', '2014-12-18 21:27:00', '4', '1', '2.0', '打扫卫生', 'ACCEPTED', '0000-00-00 00:00:00', '0000-00-00 00:00:00', null);
INSERT INTO `tasks` VALUES ('297', '', '00301', '2014-12-16 21:27:56', '测试打扫', '测试打扫', '2014-12-16 21:28:00', '1', '1', '1.0', '测试打扫', 'DONE', '0000-00-00 00:00:00', '0000-00-00 00:00:00', null);
INSERT INTO `tasks` VALUES ('298', '', '00143', '2014-12-16 21:28:01', '小测试', '小测试', '2014-12-16 21:27:00', '1', '1', '1.0', '1', 'FULL', '0000-00-00 00:00:00', '0000-00-00 00:00:00', null);
INSERT INTO `tasks` VALUES ('299', '', '00301', '2014-12-16 21:28:05', '测试打扫', '测试打扫', '2014-12-16 21:28:00', '1', '1', '1.0', '测试打扫', 'DONE', '0000-00-00 00:00:00', '0000-00-00 00:00:00', null);
INSERT INTO `tasks` VALUES ('300', '', '00143', '2014-12-16 21:28:11', '小测试', '小测试', '2014-12-16 21:27:00', '1', '1', '1.0', '1', 'FULL', '0000-00-00 00:00:00', '0000-00-00 00:00:00', null);
INSERT INTO `tasks` VALUES ('301', '', '00143', '2014-12-16 21:28:20', '小测试', '小测试', '2014-12-16 21:27:00', '1', '1', '1.0', '1', 'FULL', '0000-00-00 00:00:00', '0000-00-00 00:00:00', null);
INSERT INTO `tasks` VALUES ('302', '', '00143', '2014-12-16 21:28:30', '小测试', '小测试', '2014-12-16 21:28:00', '1', '1', '1.0', '1', 'FULL', '0000-00-00 00:00:00', '0000-00-00 00:00:00', null);
INSERT INTO `tasks` VALUES ('303', '', '00143', '2014-12-16 21:28:39', '小测试', '小测试', '2014-12-16 21:28:00', '1', '1', '1.0', '1', 'FULL', '0000-00-00 00:00:00', '0000-00-00 00:00:00', null);
INSERT INTO `tasks` VALUES ('304', '', '04623', '2014-12-16 21:28:47', '志愿服务', '工科楼', '2014-12-18 21:28:00', '4', '1', '2.0', '打扫卫生', 'ACCEPTED', '0000-00-00 00:00:00', '0000-00-00 00:00:00', null);
INSERT INTO `tasks` VALUES ('305', '', '00180', '2014-12-16 21:28:48', '测试1.J', '金科', '2014-12-10 21:30:00', '1', '1', '9.9', '测试', 'FULL', '0000-00-00 00:00:00', '0000-00-00 00:00:00', null);
INSERT INTO `tasks` VALUES ('306', '', '00143', '2014-12-16 21:28:49', '小测试', '小测试', '2014-12-16 21:28:00', '1', '1', '1.0', '1', 'FULL', '0000-00-00 00:00:00', '0000-00-00 00:00:00', null);
INSERT INTO `tasks` VALUES ('307', '', '00143', '2014-12-16 21:29:02', '小测试', '小测试', '2014-12-16 21:28:00', '1', '1', '1.0', '1', 'FULL', '0000-00-00 00:00:00', '0000-00-00 00:00:00', null);
INSERT INTO `tasks` VALUES ('308', '', '04623', '2014-12-16 21:29:08', '志愿服务', '工科楼', '2014-12-18 21:28:00', '4', '1', '2.0', '打扫卫生', 'ACCEPTED', '0000-00-00 00:00:00', '0000-00-00 00:00:00', null);
INSERT INTO `tasks` VALUES ('309', '', '00143', '2014-12-16 21:29:15', '小测试', '小测试', '2014-12-16 21:28:00', '1', '1', '1.0', '1', 'FULL', '0000-00-00 00:00:00', '0000-00-00 00:00:00', null);
INSERT INTO `tasks` VALUES ('310', '', '00180', '2014-12-16 21:29:22', '测试1.J', '金科', '2014-12-16 21:31:00', '10', '1', '9.9', '测试', 'DONE', '0000-00-00 00:00:00', '0000-00-00 00:00:00', null);
INSERT INTO `tasks` VALUES ('311', '', '04623', '2014-12-16 21:29:32', '志愿服务', '工科楼', '2014-12-18 21:29:00', '4', '1', '2.0', '打扫卫生', 'ACCEPTED', '0000-00-00 00:00:00', '0000-00-00 00:00:00', null);
INSERT INTO `tasks` VALUES ('312', '', '04623', '2014-12-16 21:29:53', '志愿服务', '工科楼', '2014-12-18 21:29:00', '4', '1', '2.0', '打扫卫生', 'ACCEPTED', '0000-00-00 00:00:00', '0000-00-00 00:00:00', null);
INSERT INTO `tasks` VALUES ('313', '', '04623', '2014-12-16 21:30:13', '志愿服务', '工科楼', '2014-12-18 21:29:00', '4', '1', '2.0', '打扫卫生', 'ACCEPTED', '0000-00-00 00:00:00', '0000-00-00 00:00:00', null);
INSERT INTO `tasks` VALUES ('314', '', '04623', '2014-12-16 21:30:33', '志愿服务', '工科楼', '2014-12-18 21:30:00', '4', '1', '2.0', '打扫卫生', 'ACCEPTED', '0000-00-00 00:00:00', '0000-00-00 00:00:00', null);
INSERT INTO `tasks` VALUES ('315', '', '04623', '2014-12-16 21:30:53', '志愿服务', '工科楼', '2014-12-18 21:30:00', '4', '1', '2.0', '打扫卫生', 'ACCEPTED', '0000-00-00 00:00:00', '0000-00-00 00:00:00', null);
INSERT INTO `tasks` VALUES ('316', '', '00301', '2014-12-16 21:31:25', '测试打扫', '测试打扫', '2014-12-16 21:31:00', '1', '1', '1.0', '测试打扫', 'DONE', '0000-00-00 00:00:00', '0000-00-00 00:00:00', null);
INSERT INTO `tasks` VALUES ('317', '', '00301', '2014-12-16 21:31:34', '测试打扫', '测试打扫', '2014-12-16 21:31:00', '1', '1', '1.0', '测试打扫', 'DONE', '0000-00-00 00:00:00', '0000-00-00 00:00:00', null);
INSERT INTO `tasks` VALUES ('318', '', '00301', '2014-12-16 21:31:43', '测试打扫', '测试打扫', '2014-12-16 21:31:00', '1', '1', '1.0', '测试打扫', 'DONE', '0000-00-00 00:00:00', '0000-00-00 00:00:00', null);
INSERT INTO `tasks` VALUES ('319', '', '00301', '2014-12-16 21:31:52', '测试打扫', '测试打扫', '2014-12-16 21:32:00', '1', '1', '1.0', '测试打扫', 'DONE', '0000-00-00 00:00:00', '0000-00-00 00:00:00', null);
INSERT INTO `tasks` VALUES ('320', '', '00301', '2014-12-16 21:32:00', '测试打扫', '测试打扫', '2014-12-16 21:32:00', '1', '1', '1.0', '测试打扫', 'DONE', '0000-00-00 00:00:00', '0000-00-00 00:00:00', null);
INSERT INTO `tasks` VALUES ('321', '', '00301', '2014-12-16 21:32:09', '测试打扫', '测试打扫', '2014-12-16 21:32:00', '1', '1', '1.0', '测试打扫', 'DONE', '0000-00-00 00:00:00', '0000-00-00 00:00:00', null);
INSERT INTO `tasks` VALUES ('322', '', '00301', '2014-12-16 21:32:09', '1234567890', '123', '2004-12-17 21:09:00', '3', '1', '3.0', 'asdadasdasdsdasd', 'DONE', '0000-00-00 00:00:00', '0000-00-00 00:00:00', null);
INSERT INTO `tasks` VALUES ('323', '', '00301', '2014-12-16 21:32:15', '测试打扫', '测试打扫', '2014-12-16 21:32:00', '1', '1', '1.0', '测试打扫', 'DONE', '0000-00-00 00:00:00', '0000-00-00 00:00:00', null);
INSERT INTO `tasks` VALUES ('324', '', '00143', '2014-12-16 21:32:47', '小测试', '小测试', '2014-12-16 21:32:00', '1', '1', '1.0', '1', 'FULL', '0000-00-00 00:00:00', '0000-00-00 00:00:00', null);
INSERT INTO `tasks` VALUES ('325', '', '00301', '2014-12-16 21:32:58', '测试打扫', '测试打扫', '2014-12-16 21:33:00', '1', '1', '1.0', '测试打扫', 'DONE', '0000-00-00 00:00:00', '0000-00-00 00:00:00', null);
INSERT INTO `tasks` VALUES ('326', '', '00143', '2014-12-16 21:33:00', '小测试', '小测试', '2014-12-16 21:32:00', '1', '1', '1.0', '1', 'FULL', '0000-00-00 00:00:00', '0000-00-00 00:00:00', null);
INSERT INTO `tasks` VALUES ('327', '', '00301', '2014-12-16 21:33:05', '测试打扫', '测试打扫', '2014-12-16 21:33:00', '2', '1', '1.0', '1测试打扫', 'DONE', '0000-00-00 00:00:00', '0000-00-00 00:00:00', null);
INSERT INTO `tasks` VALUES ('328', '', '00301', '2014-12-16 21:33:12', '测试打扫', '测试打扫', '2014-12-16 21:33:00', '1', '1', '1.0', '测试打扫', 'DONE', '0000-00-00 00:00:00', '0000-00-00 00:00:00', null);
INSERT INTO `tasks` VALUES ('329', '', '00143', '2014-12-16 21:33:18', '小测试', '小测试', '2014-12-16 21:32:00', '1', '1', '1.0', '1', 'FULL', '0000-00-00 00:00:00', '0000-00-00 00:00:00', null);
INSERT INTO `tasks` VALUES ('330', '', '00301', '2014-12-16 21:33:38', '测试打扫', '测试打扫', '2014-12-16 21:33:00', '1', '1', '1.0', '测试打扫', 'DONE', '0000-00-00 00:00:00', '0000-00-00 00:00:00', null);
INSERT INTO `tasks` VALUES ('331', '', '00143', '2014-12-16 21:33:51', '小测试', '小测试', '2014-12-16 21:33:00', '1', '1', '1.0', '1', 'FULL', '0000-00-00 00:00:00', '0000-00-00 00:00:00', null);
INSERT INTO `tasks` VALUES ('332', '', '00301', '2014-12-16 21:33:56', '测试打扫', '测试打扫', '2014-12-16 21:34:00', '1', '1', '1.0', '测试打扫', 'DONE', '0000-00-00 00:00:00', '0000-00-00 00:00:00', null);
INSERT INTO `tasks` VALUES ('333', '', '00143', '2014-12-16 21:34:01', '小测试', '小测试', '2014-12-16 21:33:00', '1', '1', '1.0', '1', 'FULL', '0000-00-00 00:00:00', '0000-00-00 00:00:00', null);
INSERT INTO `tasks` VALUES ('334', '', '00301', '2014-12-16 21:34:07', '测试打扫', '测试打扫', '2014-12-16 21:34:00', '1', '1', '1.0', '测试打扫', 'DONE', '0000-00-00 00:00:00', '0000-00-00 00:00:00', null);
INSERT INTO `tasks` VALUES ('335', '', '00301', '2014-12-16 21:34:14', '测试打扫', '测试打扫', '2014-12-16 21:34:00', '1', '1', '1.0', '测试打扫', 'DONE', '0000-00-00 00:00:00', '0000-00-00 00:00:00', null);
INSERT INTO `tasks` VALUES ('336', '', '00143', '2014-12-16 21:34:15', '小测试', '小测试', '2014-12-16 21:33:00', '1', '1', '1.0', '1', 'FULL', '0000-00-00 00:00:00', '0000-00-00 00:00:00', null);
INSERT INTO `tasks` VALUES ('337', '', '00301', '2014-12-16 21:34:23', '测试打扫', '测试打扫', '2014-12-16 21:34:00', '11', '1', '1.0', '测试打扫', 'DONE', '0000-00-00 00:00:00', '0000-00-00 00:00:00', null);
INSERT INTO `tasks` VALUES ('338', '', '04623', '2014-12-16 21:34:24', '逛京东3次', '234352', '2014-12-16 19:00:00', '1', '1', '6.0', '逛京东3次\r\n', 'FULL', '0000-00-00 00:00:00', '0000-00-00 00:00:00', null);
INSERT INTO `tasks` VALUES ('339', '', '00301', '2014-12-16 21:34:29', '测试打扫', '测试打扫', '2014-12-16 21:34:00', '1', '1', '1.0', '测试打扫', 'DONE', '0000-00-00 00:00:00', '0000-00-00 00:00:00', null);
INSERT INTO `tasks` VALUES ('340', '', '00301', '2014-12-16 21:34:41', '测试打扫', '测试打扫', '2014-12-16 21:34:00', '1', '1', '1.0', '测试打扫', 'DONE', '0000-00-00 00:00:00', '0000-00-00 00:00:00', null);
INSERT INTO `tasks` VALUES ('341', '', '00143', '2014-12-16 21:34:42', '小测试', '小测试', '2014-12-16 21:34:00', '1', '1', '1.0', '1', 'FULL', '0000-00-00 00:00:00', '0000-00-00 00:00:00', null);
INSERT INTO `tasks` VALUES ('342', '', '00143', '2014-12-16 21:34:54', '小测试', '小测试', '2014-12-16 21:34:00', '1', '1', '1.0', '1', 'FULL', '0000-00-00 00:00:00', '0000-00-00 00:00:00', null);
INSERT INTO `tasks` VALUES ('343', '', '00143', '2014-12-16 21:35:04', '小测试', '小测试', '2014-12-16 21:34:00', '1', '1', '1.0', '1', 'FULL', '0000-00-00 00:00:00', '0000-00-00 00:00:00', null);
INSERT INTO `tasks` VALUES ('344', '', '00143', '2014-12-16 21:35:33', '小测试', '小测试', '2014-12-16 21:35:00', '1', '1', '1.0', '1', 'FULL', '0000-00-00 00:00:00', '0000-00-00 00:00:00', null);
INSERT INTO `tasks` VALUES ('345', '', '00143', '2014-12-16 21:35:42', '小测试', '小测试', '2014-12-16 21:35:00', '1', '1', '1.0', '1', 'FULL', '0000-00-00 00:00:00', '0000-00-00 00:00:00', null);
INSERT INTO `tasks` VALUES ('346', '', '03808', '2014-12-16 21:35:48', '测试打扫536', '测试打扫536', '2014-12-17 21:37:00', '2', '1', '2.0', '测试打扫536', 'DONE', '0000-00-00 00:00:00', '0000-00-00 00:00:00', null);
INSERT INTO `tasks` VALUES ('347', '', '03808', '2014-12-16 21:36:01', '测试打扫536', '测试打扫536', '2014-12-17 21:37:00', '2', '1', '9.9', '测试打扫536', 'DONE', '0000-00-00 00:00:00', '0000-00-00 00:00:00', null);
INSERT INTO `tasks` VALUES ('348', '', '03808', '2014-12-16 21:36:13', '测试打扫536', '测试打扫536', '2014-12-16 21:37:00', '2', '1', '9.9', '测试打扫536', 'DONE', '0000-00-00 00:00:00', '0000-00-00 00:00:00', null);
INSERT INTO `tasks` VALUES ('349', '', '03808', '2014-12-16 21:36:24', '测试打扫536', '测试打扫536', '2014-12-17 21:37:00', '2', '1', '9.9', '测试打扫536', 'DONE', '0000-00-00 00:00:00', '0000-00-00 00:00:00', null);
INSERT INTO `tasks` VALUES ('350', '', '03808', '2014-12-16 21:36:36', '测试打扫536', '测试打扫536', '2014-12-17 21:37:00', '2', '1', '2.0', '测试打扫536', 'DONE', '0000-00-00 00:00:00', '0000-00-00 00:00:00', null);
INSERT INTO `tasks` VALUES ('351', '', '03808', '2014-12-16 21:36:40', 'gyy', 'gkl1010', '2014-12-10 13:00:00', '3', '1', '2.0', 'dsjf', 'DONE', '0000-00-00 00:00:00', '0000-00-00 00:00:00', null);
INSERT INTO `tasks` VALUES ('352', '', '03808', '2014-12-16 21:36:49', '测试打扫536', '测试打扫536', '2014-12-17 21:38:00', '2', '1', '2.0', '测试打扫536', 'DONE', '0000-00-00 00:00:00', '0000-00-00 00:00:00', null);
INSERT INTO `tasks` VALUES ('353', '', '03808', '2014-12-16 21:41:54', 'hjhkh', 'ddfgsdfg', '2014-12-16 21:00:00', '3', '1', '3.0', 'sdgsdhjvxcvbf', 'DONE', '0000-00-00 00:00:00', '0000-00-00 00:00:00', null);
INSERT INTO `tasks` VALUES ('354', '', '03808', '2014-12-16 21:42:09', 'yrty', 'cxvvbxcb', '2014-12-16 21:00:00', '2', '1', '1.0', 'djkyuihk', 'DONE', '0000-00-00 00:00:00', '0000-00-00 00:00:00', null);
INSERT INTO `tasks` VALUES ('355', '', '03921', '2014-12-16 21:43:45', '色跟得上', '吃饭不舍得', '2014-12-30 14:00:00', '2', '1', '9.9', '无法所发生的', 'ACCEPTED', '0000-00-00 00:00:00', '0000-00-00 00:00:00', null);
INSERT INTO `tasks` VALUES ('356', '', '03899', '2014-12-16 21:46:32', 'gyy', '图书馆', '2014-12-17 15:00:00', '4', '3', '3.0', '整理书架', 'ACCEPTED', '0000-00-00 00:00:00', '0000-00-00 00:00:00', null);
INSERT INTO `tasks` VALUES ('357', '', '03808', '2014-12-16 21:47:29', '4564xfg', 'fhfghgh656', '2014-12-16 22:00:00', '2', '1', '3.0', 'dtyjdhhj5gjg', 'DONE', '0000-00-00 00:00:00', '0000-00-00 00:00:00', null);
INSERT INTO `tasks` VALUES ('358', '', '03808', '2014-12-16 21:47:46', 'hjjk4hj646', '55h4j5kjhk', '2014-12-16 21:00:00', '3', '1', '3.0', 'fgj5', 'DONE', '0000-00-00 00:00:00', '0000-00-00 00:00:00', null);
INSERT INTO `tasks` VALUES ('359', '', '03808', '2014-12-16 21:48:01', 'hjjk4hj646', '55h4j5kjhk', '2014-12-16 21:00:00', '3', '1', '3.0', 'fgj5', 'DONE', '0000-00-00 00:00:00', '0000-00-00 00:00:00', null);
INSERT INTO `tasks` VALUES ('360', '', '03808', '2014-12-16 21:48:30', 'fghj54', '25gxxvxcv', '2014-12-16 21:00:00', '2', '1', '3.0', 'dffgdfgsy', 'DONE', '0000-00-00 00:00:00', '0000-00-00 00:00:00', null);
INSERT INTO `tasks` VALUES ('361', '', '03808', '2014-12-16 21:48:50', 'fhjkfh83', 'dfgdx', '2014-12-16 21:00:00', '1', '1', '1.0', '75hdhxngf', 'DONE', '0000-00-00 00:00:00', '0000-00-00 00:00:00', null);
INSERT INTO `tasks` VALUES ('362', '', '00180', '2014-12-16 21:48:52', '测试1.J', '11', '2014-12-09 21:50:00', '11', '1', '9.9', '测试1.J', 'DONE', '0000-00-00 00:00:00', '0000-00-00 00:00:00', null);
INSERT INTO `tasks` VALUES ('363', '', '03808', '2014-12-16 21:49:04', '打扫办公室', '办公室', '2014-12-23 21:51:00', '4', '3', '2.0', '打扫办公室。。。', 'ACCEPTED', '0000-00-00 00:00:00', '0000-00-00 00:00:00', null);
INSERT INTO `tasks` VALUES ('364', '', '03808', '2014-12-16 21:49:11', '53bxcvbxcvb', 'asferr', '2014-12-16 21:00:00', '1', '1', '2.0', 'gyuiyuigy', 'DONE', '0000-00-00 00:00:00', '0000-00-00 00:00:00', null);
INSERT INTO `tasks` VALUES ('365', '', '00180', '2014-12-16 21:49:16', '测试1.J', '11', '2014-12-16 21:50:00', '11', '1', '9.9', '测试1.J', 'DONE', '0000-00-00 00:00:00', '0000-00-00 00:00:00', null);
INSERT INTO `tasks` VALUES ('366', '', '03808', '2014-12-16 21:49:30', '545fhdfgh', 'dfgdkvdfy', '2014-12-16 21:00:00', '2', '1', '1.0', '东方富豪dc1fgh', 'DONE', '0000-00-00 00:00:00', '0000-00-00 00:00:00', null);
INSERT INTO `tasks` VALUES ('367', '', '00180', '2014-12-16 21:49:36', '测试1.J', '11', '2014-12-16 21:51:00', '11', '1', '9.9', '测试1.J', 'DONE', '0000-00-00 00:00:00', '0000-00-00 00:00:00', null);
INSERT INTO `tasks` VALUES ('368', '', '00180', '2014-12-16 21:49:52', '测试1.J', '11', '2014-12-10 21:51:00', '11', '1', '9.9', '测试1.J', 'DONE', '0000-00-00 00:00:00', '0000-00-00 00:00:00', null);
INSERT INTO `tasks` VALUES ('369', '', '00301', '2014-12-16 21:49:55', '￥！@￥！@￥', '！@#！@#！@#', '2114-12-16 21:40:00', '30', '3', '9.9', '！@#！@#', 'ACCEPTED', '0000-00-00 00:00:00', '0000-00-00 00:00:00', null);
INSERT INTO `tasks` VALUES ('370', '', '03808', '2014-12-16 21:50:06', '223尺寸', '24感觉', '2014-12-16 21:00:00', '4', '1', '2.0', '工号ifyui', 'DONE', '0000-00-00 00:00:00', '0000-00-00 00:00:00', null);
INSERT INTO `tasks` VALUES ('371', '', '00180', '2014-12-16 21:50:52', '测试1.J', '11', '2014-12-17 21:52:00', '11', '1', '9.9', '测试1.J', 'DONE', '0000-00-00 00:00:00', '0000-00-00 00:00:00', null);
INSERT INTO `tasks` VALUES ('372', '', '00180', '2014-12-16 21:51:07', '测试1.J', '11', '2014-12-16 21:52:00', '11', '1', '9.9', '测试1.J', 'DONE', '0000-00-00 00:00:00', '0000-00-00 00:00:00', null);
INSERT INTO `tasks` VALUES ('373', '', '00180', '2014-12-16 21:51:28', '测试1.J', '11', '2014-12-17 21:53:00', '11', '1', '9.9', '测试1.J', 'DONE', '0000-00-00 00:00:00', '0000-00-00 00:00:00', null);
INSERT INTO `tasks` VALUES ('374', '', '00180', '2014-12-16 21:51:42', '测试1.J', '11', '2014-12-09 21:53:00', '11', '1', '9.9', '测试1.J', 'DONE', '0000-00-00 00:00:00', '0000-00-00 00:00:00', null);
INSERT INTO `tasks` VALUES ('375', '', '03808', '2014-12-16 21:51:43', '111111', '食堂3楼', '2014-12-16 21:00:00', '1', '1', '1.0', '食堂3楼', 'DONE', '0000-00-00 00:00:00', '0000-00-00 00:00:00', null);
INSERT INTO `tasks` VALUES ('376', '', '00180', '2014-12-16 21:51:59', '测试1.J', '11', '2014-12-18 21:53:00', '11', '1', '9.9', '测试1.J', 'DONE', '0000-00-00 00:00:00', '0000-00-00 00:00:00', null);
INSERT INTO `tasks` VALUES ('377', '', '03808', '2014-12-16 21:52:04', '111111', '食堂3楼', '2014-12-16 21:00:00', '2', '1', '2.0', '食堂3楼', 'DONE', '0000-00-00 00:00:00', '0000-00-00 00:00:00', null);
INSERT INTO `tasks` VALUES ('378', '', '00180', '2014-12-16 21:52:15', '测试1.J', '11', '2014-12-17 21:53:00', '11', '1', '9.9', '测试1.J', 'DONE', '0000-00-00 00:00:00', '0000-00-00 00:00:00', null);
INSERT INTO `tasks` VALUES ('379', '', '03808', '2014-12-16 21:52:24', '111111', '111111uio', '2014-12-16 21:00:00', '1', '1', '2.0', 'dd  yt y ty tytyt ', 'DONE', '0000-00-00 00:00:00', '0000-00-00 00:00:00', null);
INSERT INTO `tasks` VALUES ('380', '', '00180', '2014-12-16 21:52:30', '测试1.J', '11', '2014-12-02 21:54:00', '11', '1', '9.9', '测试1.J', 'DONE', '0000-00-00 00:00:00', '0000-00-00 00:00:00', null);
INSERT INTO `tasks` VALUES ('381', '', '00180', '2014-12-16 21:52:44', '测试1.J', '11', '2014-12-02 21:54:00', '11', '1', '9.9', '测试1.J', 'DONE', '0000-00-00 00:00:00', '0000-00-00 00:00:00', null);
INSERT INTO `tasks` VALUES ('382', '', '00180', '2014-12-16 21:52:58', '测试1.J', '11', '2014-12-10 21:54:00', '11', '1', '9.9', '测试1.J', 'DONE', '0000-00-00 00:00:00', '0000-00-00 00:00:00', null);
INSERT INTO `tasks` VALUES ('383', '', '03808', '2014-12-16 21:53:03', '111111', 'ogiuo', '2014-12-16 21:00:00', '2', '1', '1.0', 'jkll5545ioi', 'DONE', '0000-00-00 00:00:00', '0000-00-00 00:00:00', null);
INSERT INTO `tasks` VALUES ('384', '', '00180', '2014-12-16 21:53:16', '测试1.J', '11', '2014-12-03 21:54:00', '11', '1', '9.9', '测试1.J', 'DONE', '0000-00-00 00:00:00', '0000-00-00 00:00:00', null);
INSERT INTO `tasks` VALUES ('385', '', '03808', '2014-12-16 21:53:17', '111111', '558', '2014-12-16 21:00:00', '2', '1', '1.0', '7767867', 'DONE', '0000-00-00 00:00:00', '0000-00-00 00:00:00', null);
INSERT INTO `tasks` VALUES ('386', '', '00180', '2014-12-16 21:53:32', '测试1.J', '11', '2014-12-03 21:55:00', '11', '1', '9.9', '测试1.J', 'DONE', '0000-00-00 00:00:00', '0000-00-00 00:00:00', null);
INSERT INTO `tasks` VALUES ('387', '', '00180', '2014-12-16 21:53:55', '测试1.J', '11', '2014-12-04 21:55:00', '11', '1', '9.9', '测试1.J', 'DONE', '0000-00-00 00:00:00', '0000-00-00 00:00:00', null);
INSERT INTO `tasks` VALUES ('388', '', '03808', '2014-12-16 21:53:56', 'g78567', 'fhf ', '2014-12-16 21:00:00', '4', '1', '1.0', 'yiyuiyuiguy', 'DONE', '0000-00-00 00:00:00', '0000-00-00 00:00:00', null);
INSERT INTO `tasks` VALUES ('389', '', '03808', '2014-12-16 21:54:10', '76\\7fhsh', '0123', '2014-12-16 21:00:00', '1', '1', '2.0', '2yyongf ', 'DONE', '0000-00-00 00:00:00', '0000-00-00 00:00:00', null);
INSERT INTO `tasks` VALUES ('390', '', '00180', '2014-12-16 21:54:10', '测试1.J', '11', '2014-12-11 21:55:00', '11', '1', '9.9', '测试1.J', 'DONE', '0000-00-00 00:00:00', '0000-00-00 00:00:00', null);
INSERT INTO `tasks` VALUES ('391', '', '00143', '2014-12-16 21:54:11', '测试', '404', '2014-12-16 15:00:00', '1', '3', '2.0', '测试', 'FULL', '0000-00-00 00:00:00', '0000-00-00 00:00:00', null);
INSERT INTO `tasks` VALUES ('392', '', '00180', '2014-12-16 21:54:28', '测试1.J', '11', '2014-12-10 21:56:00', '11', '1', '9.9', '测试1.J', 'DONE', '0000-00-00 00:00:00', '0000-00-00 00:00:00', null);
INSERT INTO `tasks` VALUES ('393', '', '03808', '2014-12-16 21:54:40', '767fdgdfsg', 'qqwee', '2014-12-16 21:00:00', '1', '1', '1.0', '\\5\\7\\7\r\nbbret', 'DONE', '0000-00-00 00:00:00', '0000-00-00 00:00:00', null);
INSERT INTO `tasks` VALUES ('394', '', '00180', '2014-12-16 21:54:44', '测试1.J', '11', '2014-12-02 21:56:00', '11', '1', '9.9', '测试1.J', 'DONE', '0000-00-00 00:00:00', '0000-00-00 00:00:00', null);
INSERT INTO `tasks` VALUES ('395', '', '00180', '2014-12-16 21:54:59', '测试1.J', '11', '2014-12-09 21:56:00', '11', '1', '9.9', '测试1.J', 'DONE', '0000-00-00 00:00:00', '0000-00-00 00:00:00', null);
INSERT INTO `tasks` VALUES ('396', '', '03808', '2014-12-16 21:55:01', 'ouiouo', '256', '2014-12-16 21:00:00', '2', '1', '1.0', 'waenetanttgdfg', 'DONE', '0000-00-00 00:00:00', '0000-00-00 00:00:00', null);
INSERT INTO `tasks` VALUES ('397', '', '00180', '2014-12-16 21:55:14', '测试1.J', '11', '2014-12-10 21:56:00', '11', '1', '9.9', '测试1.J', 'DONE', '0000-00-00 00:00:00', '0000-00-00 00:00:00', null);
INSERT INTO `tasks` VALUES ('398', '', '00143', '2014-12-16 21:55:22', '测试1', '404', '2014-12-16 18:00:00', '1', '3', '2.0', '测试1', 'FULL', '0000-00-00 00:00:00', '0000-00-00 00:00:00', null);
INSERT INTO `tasks` VALUES ('399', '', '00180', '2014-12-16 21:55:28', '测试1.J', '11', '2014-12-18 21:57:00', '11', '1', '9.9', '测试1.J', 'DONE', '0000-00-00 00:00:00', '0000-00-00 00:00:00', null);
INSERT INTO `tasks` VALUES ('400', '', '03808', '2014-12-16 21:55:39', 'hfjf54454', '2gsd ggfdg', '2014-12-16 21:00:00', '2', '1', '1.0', 'fyiuyi6446', 'DONE', '0000-00-00 00:00:00', '0000-00-00 00:00:00', null);
INSERT INTO `tasks` VALUES ('401', '', '00180', '2014-12-16 21:55:42', '测试1.J', '11', '2014-12-11 21:57:00', '11', '1', '9.9', '测试1.J', 'DONE', '0000-00-00 00:00:00', '0000-00-00 00:00:00', null);
INSERT INTO `tasks` VALUES ('402', '', '00143', '2014-12-16 21:55:46', '测试2', '404', '2014-12-16 19:00:00', '2', '3', '3.0', '测试2', 'FULL', '0000-00-00 00:00:00', '0000-00-00 00:00:00', null);
INSERT INTO `tasks` VALUES ('403', '', '00180', '2014-12-16 21:55:58', '测试1.J', '11', '2014-12-04 21:57:00', '11', '1', '9.9', '测试1.J', 'DONE', '0000-00-00 00:00:00', '0000-00-00 00:00:00', null);
INSERT INTO `tasks` VALUES ('404', '', '00143', '2014-12-16 21:56:07', '测试3', '404', '2014-12-16 08:00:00', '2', '3', '1.0', '测3', 'FULL', '0000-00-00 00:00:00', '0000-00-00 00:00:00', null);
INSERT INTO `tasks` VALUES ('405', '', '00180', '2014-12-16 21:56:11', '测试1.J', '11', '2014-12-17 21:57:00', '11', '1', '9.9', '测试1.J', 'DONE', '0000-00-00 00:00:00', '0000-00-00 00:00:00', null);
INSERT INTO `tasks` VALUES ('406', '', '00143', '2014-12-16 21:56:25', '测试4', '404', '2014-12-16 09:00:00', '2', '3', '2.0', '测试4', 'FULL', '0000-00-00 00:00:00', '0000-00-00 00:00:00', null);
INSERT INTO `tasks` VALUES ('407', '', '00180', '2014-12-16 21:56:27', '测试1.J', '11', '2014-12-25 21:58:00', '11', '1', '9.9', '测试1.J', 'DONE', '0000-00-00 00:00:00', '0000-00-00 00:00:00', null);
INSERT INTO `tasks` VALUES ('408', '', '00180', '2014-12-16 21:56:42', '测试1.J', '11', '2014-12-04 21:58:00', '11', '1', '9.9', '测试1.J', 'DONE', '0000-00-00 00:00:00', '0000-00-00 00:00:00', null);
INSERT INTO `tasks` VALUES ('409', '', '00143', '2014-12-16 21:56:49', '测试5', '404', '2014-12-16 10:00:00', '3', '3', '2.0', '测试5', 'FULL', '0000-00-00 00:00:00', '0000-00-00 00:00:00', null);
INSERT INTO `tasks` VALUES ('410', '', '00180', '2014-12-16 21:56:55', '测试1.J', '11', '2014-12-10 21:58:00', '11', '1', '9.9', '测试1.J', 'DONE', '0000-00-00 00:00:00', '0000-00-00 00:00:00', null);
INSERT INTO `tasks` VALUES ('411', '', '03808', '2014-12-16 21:57:04', 'ryryry', '5534', '2014-12-16 21:00:00', '2', '1', '1.0', 'ftyfytuytumytu', 'DONE', '0000-00-00 00:00:00', '0000-00-00 00:00:00', null);
INSERT INTO `tasks` VALUES ('412', '', '00143', '2014-12-16 21:57:07', '测试6', '404', '2014-12-16 12:00:00', '2', '3', '2.0', '6', 'FULL', '0000-00-00 00:00:00', '0000-00-00 00:00:00', null);
INSERT INTO `tasks` VALUES ('413', '', '00180', '2014-12-16 21:57:10', '测试1.J', '11', '2014-12-19 21:58:00', '11', '1', '9.9', '测试1.J', 'DONE', '0000-00-00 00:00:00', '0000-00-00 00:00:00', null);
INSERT INTO `tasks` VALUES ('414', '', '03808', '2014-12-16 21:57:25', 'uturrty', 'sdfgsdfgdf', '2014-12-16 21:00:00', '2', '1', '1.0', 'tuttrutyutu', 'DONE', '0000-00-00 00:00:00', '0000-00-00 00:00:00', null);
INSERT INTO `tasks` VALUES ('415', '', '00180', '2014-12-16 21:57:25', '测试1.J', '11', '2014-12-04 21:59:00', '11', '1', '9.9', '测试1.J', 'DONE', '0000-00-00 00:00:00', '0000-00-00 00:00:00', null);
INSERT INTO `tasks` VALUES ('416', '', '00143', '2014-12-16 21:57:32', '测试7', '404', '2014-12-16 13:00:00', '2', '3', '1.0', '7', 'FULL', '0000-00-00 00:00:00', '0000-00-00 00:00:00', null);
INSERT INTO `tasks` VALUES ('417', '', '00180', '2014-12-16 21:57:38', '测试1.J', '11', '2014-12-03 21:59:00', '11', '1', '9.9', '测试1.J', 'DONE', '0000-00-00 00:00:00', '0000-00-00 00:00:00', null);
INSERT INTO `tasks` VALUES ('418', '', '00180', '2014-12-16 21:57:56', '测试1.J', '11', '2014-12-10 21:59:00', '11', '1', '9.9', '测试1.J', 'DONE', '0000-00-00 00:00:00', '0000-00-00 00:00:00', null);
INSERT INTO `tasks` VALUES ('419', '', '00180', '2014-12-16 21:58:14', '测试1.J', '11', '2014-12-19 21:59:00', '11', '1', '9.9', '测试1.J', 'DONE', '0000-00-00 00:00:00', '0000-00-00 00:00:00', null);
INSERT INTO `tasks` VALUES ('420', '', '00143', '2014-12-16 21:58:22', '测试8', '404', '2014-12-16 21:59:00', '2', '3', '3.0', '8', 'FULL', '0000-00-00 00:00:00', '0000-00-00 00:00:00', null);
INSERT INTO `tasks` VALUES ('421', '', '00180', '2014-12-16 21:58:28', '测试1.J', '11', '2014-12-11 22:00:00', '11', '1', '9.9', '测试1.J', 'DONE', '0000-00-00 00:00:00', '0000-00-00 00:00:00', null);
INSERT INTO `tasks` VALUES ('422', '', '00180', '2014-12-16 21:58:42', '测试1.J', '11', '2014-12-12 22:00:00', '11', '1', '9.9', '测试1.J', 'DONE', '0000-00-00 00:00:00', '0000-00-00 00:00:00', null);
INSERT INTO `tasks` VALUES ('423', '', '00143', '2014-12-16 21:59:09', '测试9', '404', '2015-01-16 21:00:00', '1', '3', '1.0', '测试9', 'FULL', '0000-00-00 00:00:00', '0000-00-00 00:00:00', null);
INSERT INTO `tasks` VALUES ('424', '', '00143', '2014-12-16 22:00:32', '测试10', '404', '2014-12-16 22:01:00', '1', '3', '1.0', '11111111', 'FULL', '0000-00-00 00:00:00', '0000-00-00 00:00:00', null);
INSERT INTO `tasks` VALUES ('425', '', '00143', '2014-12-16 22:02:35', '12', '1222222', '2016-02-05 19:59:00', '1', '3', '1.0', '1', 'FULL', '0000-00-00 00:00:00', '0000-00-00 00:00:00', null);

-- ----------------------------
-- Table structure for teachers
-- ----------------------------
DROP TABLE IF EXISTS `teachers`;
CREATE TABLE `teachers` (
  `id` int(10) unsigned NOT NULL AUTO_INCREMENT,
  `user_id` int(10) unsigned NOT NULL COMMENT '用户id',
  `department_id` int(11) DEFAULT NULL COMMENT '学院id',
  `created_at` timestamp NOT NULL DEFAULT '0000-00-00 00:00:00',
  `updated_at` timestamp NOT NULL DEFAULT '0000-00-00 00:00:00',
  `deleted_at` timestamp NULL DEFAULT NULL,
  PRIMARY KEY (`id`)
) ENGINE=InnoDB DEFAULT CHARSET=utf8 COLLATE=utf8_unicode_ci;

-- ----------------------------
-- Records of teachers
-- ----------------------------

-- ----------------------------
-- Table structure for universities
-- ----------------------------
DROP TABLE IF EXISTS `universities`;
CREATE TABLE `universities` (
  `id` int(10) unsigned NOT NULL AUTO_INCREMENT,
  `university_name` varchar(20) COLLATE utf8_unicode_ci NOT NULL COMMENT '学校名称',
  `created_at` timestamp NOT NULL DEFAULT '0000-00-00 00:00:00',
  `updated_at` timestamp NOT NULL DEFAULT '0000-00-00 00:00:00',
  `deleted_at` timestamp NULL DEFAULT NULL,
  PRIMARY KEY (`id`)
) ENGINE=InnoDB AUTO_INCREMENT=2 DEFAULT CHARSET=utf8 COLLATE=utf8_unicode_ci;

-- ----------------------------
-- Records of universities
-- ----------------------------
INSERT INTO `universities` VALUES ('1', '金陵科技学院', '2015-04-25 07:19:56', '2015-04-25 07:19:56', null);

-- ----------------------------
-- Table structure for users
-- ----------------------------
DROP TABLE IF EXISTS `users`;
CREATE TABLE `users` (
  `id` int(10) unsigned NOT NULL AUTO_INCREMENT,
  `username` varchar(10) COLLATE utf8_unicode_ci NOT NULL,
  `password` varchar(255) COLLATE utf8_unicode_ci NOT NULL,
  `job` enum('STUDENT','TEACHER') COLLATE utf8_unicode_ci NOT NULL,
  `name` varchar(20) COLLATE utf8_unicode_ci NOT NULL,
  `birthday` date NOT NULL,
  `gender` enum('未知','男','女') COLLATE utf8_unicode_ci NOT NULL DEFAULT '未知',
  `phone` varchar(11) COLLATE utf8_unicode_ci NOT NULL,
  `email` varchar(50) COLLATE utf8_unicode_ci NOT NULL,
  `created_at` timestamp NOT NULL DEFAULT '0000-00-00 00:00:00',
  `updated_at` timestamp NOT NULL DEFAULT '0000-00-00 00:00:00',
  `remember_token` varchar(100) COLLATE utf8_unicode_ci DEFAULT NULL,
  `deleted_at` timestamp NULL DEFAULT NULL,
  PRIMARY KEY (`id`),
  UNIQUE KEY `users_username_unique` (`username`)
) ENGINE=InnoDB AUTO_INCREMENT=5 DEFAULT CHARSET=utf8 COLLATE=utf8_unicode_ci;

-- ----------------------------
-- Records of users
-- ----------------------------
INSERT INTO `users` VALUES ('1', '1205106131', '$2y$10$JD57EJIWNVk28TeC72.13.wyetEYhloATnO3MqRAhpdDTqM3CCFRe', 'STUDENT', '徐勇', '0000-00-00', '未知', '', '', '2015-04-25 07:19:56', '2015-04-25 07:25:57', 'Jmis5E4vkjQGgEDikeDsMliCxLjI9oGGKajpavGoX19TL5yAyPIryxn4Ui6I', null);
INSERT INTO `users` VALUES ('2', '1205106132', '$2y$10$zDWozUJDV3bzvpuS1w4S..x.SGSumJU6hu2Sn51Pk.j5VqaRujGfu', 'STUDENT', '单义国', '0000-00-00', '未知', '', '', '2015-04-25 07:19:56', '2015-04-25 07:19:56', null, null);
INSERT INTO `users` VALUES ('3', '01188', '$2y$10$LKUlZ9cNWmC4LGrjDtiJ.ursEQsvDWkgRXVhUMPjJVlgNe/akDrUu', 'TEACHER', '洪蕾', '0000-00-00', '未知', '', '', '2015-04-25 07:19:56', '2015-04-25 09:43:08', 'Ef2o4UzwFBeoKsbYiqsjfCxJ2MdBoieNsPL8YB1AOXPzJMsWm2Y02PGnBpfu', null);
INSERT INTO `users` VALUES ('4', '01199', '$2y$10$gp2Rif57wT4wrUk/XY1iEOv/1ARlpvJN4QCOcwO.JVernUgQ1jzhy', 'TEACHER', '李慧', '0000-00-00', '未知', '', '', '2015-04-25 07:19:56', '2015-04-25 07:19:56', null, null);
